항목,제목,세부인정사항
일반사항,2가지 이상의 수술시 수기료 산정방법,"1. 동일 절개 하에서 2가지 이상 수술을 동시에 시술한 경우 주된 수술이란 2가지 이상 수술 중 소정점수가 높은 수술을 기준으로 함. 이 경우 ‘소정점수’이란 ｢건강보험 행위 급여·비급여 목록표 및 급여 상 대가치점수｣ 제1편 제2부 제9장 제1절 처치 및 수술료 등의 각 분류항목에 기재된 소정점수을 말함. 2. 동일 피부 절개하에 해당과를 달리하여 각각 다른 병변을 수술한 경우, 진료전문과목이 다르더 라도 동일 마취하에 연속하여 수술을 하는 것이므로 ｢건강보험 행위 급여·비급여 목록표 및 급여 상대 가치점수｣ 제1편 제2부 제9장 제1절 처치 및 수술료 등[산정지침] (5)항에 의거 주된 수술 100%, 그외 수술 50%[종합병원(상급종합병원 포함)은 70%]를 산정함. (고시 제2018-281호, ’19.1.1. 시행)"
일반사항,동일 피부 절개 하에 2가지 이상 수술시 수가 산정방법,"건강보험 행위 급여·비급여 목록표 및 급여 상대 가치점수 제1편 제2부 제9장 처치 및 수술료 등 [산정 지침] (5)항에 의거 종합병원(상급종합병원 포함)의 경우 동일 피부 절개하에 2가지 이상 수술을 동시에 시술한 경우 제2의 수술부터는 해당 수술 소정점수의 70%를 산정토록 되어 있음. 이 때, 2가지 이상 수술이란 서로 다른 수술로 별도 소정점수의 산정이 가능한 경우를 의미함. (고시 제2016-204호, ’16.11.1. 시행)"
일반사항,동일 피부 절개 하 동일 수술을 여러 부위에 하는 경우 수가 산정방법,"동일 피부 절개(또는 동일 경로) 하 동일 수술을 여러 부위에 하는 경우는 ｢건강보험 행위 급여·비급여 목록표 및 급여 상대가치점수｣ 제1편 제2부 제9장 처치및수술료 [산정지침] (5)에 적용되지 않는 사항으로, 제1 부위는 100%, 제2부위부터는 50% 산정을 원칙으로 함. 다만, 최대산정범위 및 산정방법에 대해 별도 고시가 있는 경우에는 해당 고시를 적용함 (고시 제2017-118호, ’17.7.1. 시행)"
일반사항,Arterial Cannulation의 Irrigation시 수기료 산정방법,"Arterial Cannulation의 Irrigation수기료는 해당 처치 또는 수술료에 포함하여 별도 인정하지 아니함. (고시 제2000-73호, ’01.1.1. 시행)"
자49 추간판제거술 [척추후궁 절제술포함],"동일 피부 절개 하에 추간판제거술,후방고정술 및 후방추체 유합술(PLIF)을 동시 실시시 수가 산정방법","1. 후방 도달법으로 동일 피부 절개 하에 추간판제거술, Pedicle screw와 Rod를 이용한 후방고정술(PLF)및 자가골 또는 Cage를 이용한 후방추체유합술 (PLIF)을 동시에 실시한 경우에 척추고정술은 절개 approach을 기준으로 1회만 산정함. 2. 이 경우 자49 추간판제거술과 자46나 척추후방 고정술의 소정점수를 산정하되 「건강보험 행위 급여·비급여 목록표 및 급여 상대가치점수」 제1편 제2부 제9장 제1절 처치 및 수술료 [산정지침] (5)에 의거 주된 수술 100%, 그 외 수술 50%[종합 병원(상급종합병원 포함)은 70%]를 산정함. (고시 제2021-183호, ’21.7.1. 시행)"
자49-1 척추후궁 절제술,Hemilaminectomy 또는 Total Laminectomy의 수가 산정방법,"Hemilaminectomy 또는 Total Laminectomy는 자49-1 척추후궁절제술의 해당부위의 소정점수를 산정하되 제1후궁은 소정점수의 100%, 제2후궁부터는 소정점수의 50%를 산정하되 최대 200%까지 산정함. (고시 제2023-56호, ’23.3.29. 시행)"
자60 사지골절 관혈적정복술,Trimalleolar Fracture의 관혈적정복술시 수가 산정방법,"Trimalleolar Fracture의 관혈적 정복술은 자60가 (4)(다) 사지골절정복술 [복잡골절 포함]-관혈적 -하퇴골-경비골동시 소정점수의 100%와 자60가 (4)(가) 사지골절정복술 [복잡골절 포함]-관혈적 -하퇴골-경골 소정점수 50%[종합병원(상급종합 병원 포함)의 경우 70%]를 산정함. (고시 제2023-56호, ’23.3.29. 시행)"
자60 사지골절 관혈적정복술,뼈전이암에 이차적으로 발생할 수 있는 임박병적골절(Impe nding pathologic fractures)에 실시한 자60 사지골절정복술 급여기준 및 수가 산정방법,"뼈전이암에 이차적으로 발생할 수 있는 임박병적골절 (Impending pathologic fractures)에 실시한 사지 골절정복술은 자60 사지골절정복술 소정점수의 50%를 산정하며, 다음 중 어느 하나에 해당하는 경우 요양 급여를 인정함. - 다 음 - 가. 대퇴 근위부의 2.5cm 이상의 병변이 있는 경우 나. 병변이 피질골의 50% 이상을 파괴한 경우 다. 소전자부의 병적 견열 골절이 있는 경우 라. 방사선 치료에도 불구하고 지속되는 통증이 있는 경우 마. 병적 골절의 예측을 위한 점수(Mirel‘s score) 8점 이상인 경우 (고시 제2019-315호, ’20.1.1. 시행)"
자64 사지골절 도수정복술,슬개골도수정복술 (Patella Closed Reduction) 수가산정방법,"슬개골도수정복술(Patella Closed Reduction)은 자64라 사지골절도수정복술-수근골, 족근골의 소정 점수로 준용하여 산정함.(고시 제2023-56호, ’23.3.29. 시행)"
자70 사지관절 절제술[활막절제를 포함],관절경하 활액막절제술 (Synovectomy)의수가 산정방법,"관절경하 활액막절제술(Synovectomy)은 자70 사지관절절제술 [활막절제를 포함] 해당부위별 소정 점수를 산정하고 관절경하 수술시 사용된 생리식염수는총사용량이 500㎖이상인 경우에 한하여 산정함. (고시 제2023-56호, ’23.3.29. 시행)"
자71 인공관절 치환술,자71가(1) 인공관절치환술- 전치환-고관절시 실시한 내전근 절단술 (Adductor Tenotomy) 수가 산정방법,"자71가(1) 인공관절치환술-전치환-고관절시 탈구방지를 위해 별도의 피부절개로 내전근 절단술 (Adductor Tenotomy)을 실시한 경우에는 자71가 (1)의 소정점수와 자91 건, 인대 피하단열수술 소정점수의 50%[종합병원(상급종합병원 포함)의 경우 70%]를 산정함. (고시 제2023-56호, ’23.3.29. 시행)"
자90 갱그리온 적출술,활액낭절제술 (Bursectomy)의 수기료 산정방법,"활액낭절제술(Bursectomy)은 해부학적 위치와 수술의 난이도 등을 감안하여 자90 갱그리온적출술 소정점수로 준용하여 산정함. (고시 제2007-46호, ’07.6.1. 시행)"
견봉성형술 및 회전근개 파열복원술,자93-1 견봉성형술 및 회전근개 파열복원술과 동시 시행한 원위쇄골절제술 (Distal clavicle resection) 산정방법,"자93-1 견봉성형술 및 회전근개 파열복원술과 동시 시행한 원위쇄골절제술(Distal clavicle resection)은 자51 쇄골절제술 소정점수의 50%[종합병원(상급 종합병원 포함)은 70%]로 산정하되, 원위쇄골 상부까지 완전 절제한 경우에 한하며 다음에 해당하는 경우 산정함. - 다 음 - 가. 수술 전 시행한 신체검사(압박 테스트(Compression test), Lidocaine test 등)에서 견봉-쇄골 관절의 압통 등의 소견이 확인되며, 영상검사로 단순 방사선 사진과 자기공명영상검사(MRI) 등에서 견봉-쇄골 관절의 관절염 소견이 확인되는 경우 나. 수술 전 시행한 자기공명영상검사(MRI) 또는 수술 중 관절경 소견 상 견봉-쇄골 관절 주위의 골극이나 원위 쇄골의 골극 또는 원위 쇄골에 의한 회전근개의 충돌이 확인되는 경우 (고시 제2021-323호, ’22.1.1. 시행)"
자163 혈관성형술,"상행대동맥 (Ascendingaorta)에 Reduction aortoplasty, Wrapping 또는 Reduction aortoplasty & wrapping 을 타 심장 수술과 동시 실시 시 수가 산정방법","동맥류절제술의 적응증에 해당되지는 않으나 직경이 정상보다 확장되어 있는 상행대동맥에 Reduction aortoplasty, Wrapping 또는 Reduction aortoplasty & wrapping을 동일 피부 절개하에 타 심장수술과 동시 실시한 경우 다음과 같이 준용하여 산정함. -다 음- 가. 늘어난 대동맥 조직을 잘라내고 다시 봉합 하여 대동맥의 직경을 줄여주는 Reduction aortoplasty를 실시한 경우 : 자163가(3) 혈관성형술(직접봉합)-기타 소정 점수의 100%를 산정함. 나. 늘어난 대동맥의 추가 확장을 막기 위해 인조 물질(인조혈관 등)을 이용하여 360도 감싸주는 Wrapping을 실시한 경우 : 자163나(3)(가) 혈관성형술(팻취를 이용한 경우)-기타(인조혈관이용) 소정점수의 100%를산정함. 다. 상기 가.와 나.를 동시에 시행한 경우 : 자163가(3) 혈관성형술(직접봉합)-기타와 자163나(3)(가) 혈관성형술(팻취를 이용한 경우)-기타(인조혈관이용) 소정점수의 100%를 각각 산정함. 라. 다만, 동맥류절제술 등 주된 수술 시 혈관 문합 부위에 wrapping을 시행한 경우에는 별도 산정 하지 아니함. (고시 제2020-163호, ’20.8.1. 시행)"
자165 중심정맥내카 테터유치술,터널식 또는 피하매몰 정맥포트법으로 삽입한 중심정맥내카테터 제거시 수기료 산정방법,"터널식 또는 피하매몰 정맥포트법으로 삽입한 중심 정맥내 카테터 제거시 수기료는 자165-나(3) 소정점수의 50%를 준용 산정함. (고시 제2007-77호, ’07.8.30. 시행)"
자201-1 인공신장 투석을 위한 동정맥루의 교정술,동정맥루 폐색(AVF Obstruction) 상병 등에 혈전제거술 시행시 수기료 산정방법,"AVF(or AV graft) Obstruction에 혈관을 절개하여 다음과 같은 방법으로 혈전제거술 시행시 수기료는 자201-1 인공 신장투석을 위한 동정맥루의 교정술로 산정함. - 다 음 - 가. Catheter를 사용하지 않고 절개 후 혈전을 제거한 경우 나. Fogarty Catheter 등을 이용하여 혈전을 제거한 경우 다. 혈전제거술 및 동정맥루 절편(동맥내막제거 포함)을 제거한 경우 라. 혈전제거술 및 풍선혈관(혹은 patch) 성형술을 시행한 경우 마. 혈전제거술과 동정맥루절편(동맥내막제거 포함)의 제거 및 풍선혈관(또는 patch) 성형술을 시행한 경우 (고시 제2009-180호, ’09.10.1. 시행)"
자205 사지정맥류국 소치료 자206 광범위정맥류 발거술,자205 사지정맥류 국소치료 및 자206 광범위정맥류발거술의 수가산정방법,"하지정맥류 상병에 실시하는 자205 사지정맥류 국소 치료 및 자206 광범위정맥류발거술의 수가산정방법은 다음과 같이 함. - 다 음 - 가. 광범위정맥류 발거술은 국소치료를 포함하는 수가이므로, 동측에 자206 광범위정맥류 발거술과 동시 또는 14일 이내에 잔여정맥류에 대하여 자205 사지정맥류국소치료(가.경화요법 또는 나.국소제거술)을 시행하더라도 자206 광범위 정맥류발거술만 인정함. 나. 광범위 정맥류 발거술 또는 사지정맥류 국소치료 후 14일을 초과하여 동측에 사지정맥류국소치료를추가 시행하는 경우 자205 사지정맥류국소치료의 소정점수를 1회에 한하여 추가 산정함. (고시 제2009-96호, ’09.6.1. 시행)"
자205-1 혈전제거술,자205-1다 혈전제거술- 심장의 수가산정방법,"1. 자-205-1다. 혈전제거술-심장은 수술 전 진단 또는 약물치료에 반응하지 않는 경우 등 외과적 방법으로 혈전 제거가 필요하다고 판단되어 시행한 경우 산정함. 2. 여러 부위에서 혈전을 제거한 경우 혈전 발생 위치, 개수를 불문하고 해당 소정점수만 산정함. 3. 자-182-1 좌심실류절제술, 자-188-1 심실 보조장치 치료술, 자-200-1 부정맥수술 등 수술 시 혈전 제거가 해당 행위 일련의 과정으로 시행 되는 경우에는 별도 산정하지 아니함. (고시 제2020-269호, ’20.12.1. 시행)"
자207 혈관결찰술,외상으로 인한 사지말단 부위 혈관(요·척골 또는 경·비골 동맥 이하) 손상의 단단문합술 시행시 수가산정방법,"외상으로 인한 사지말단 부위에 있는 혈관(요·척골 또는 경·비골 동맥 이하) 손상으로 동일 절개 하 단단문합술 (end-to-end anastomosis)을 시행한 경우에는 자207다 혈관결찰술(기타) 소정점수를 산정하되, 동시에 여러 개의 혈관을 봉합하는 경우에는 첫 번째 혈관은 소정 점수의 100%를, 두 번째 혈관부터는 소정점수의 50%씩 산정함. (고시 제2010-115호, ’11.1.1. 시행)"
자211 경부림프절 청소술,중앙구역 경부림프절 청소술(Central compartment neck dissection) 수가 산정방법,"미국두경부학회(American Head and Neck Society, AHNS)의 경부림프절 구역 분류 중 Level Ⅵ 중앙구역에 대해 선택적 경부림프절 청소술을 실시한 경우에는 자211가(3) 경부림프절청소술-편측(선택적) 소정점수를 산정함. (고시 제2020-19호, ’20.2.1. 시행)"
자293 직장탈 교정술,"Rectal carcinoma, Rectal prolapse, Benign rectal tumor, Liomyoma에 대하여 Electrofulguration을 실시할 경우 수기료 산정방법","Rectal carcinoma, Rectal prolapse, Benign rectal tumor, Leiomyoma에 대하여 Electrofulguration을 실시할 경우 수기료는 자293가(1) 직장탈 교정술(경화 요법)으로 인정하고 통상 1-2차에 걸쳐 시술하는 경우가 대부분이므로 2차 이상을 실시하여도 2회이내만 산정함을 원칙으로 하되, rectal cancer에 실시하는 electrofulguration은 3회 이상 시술이 불가피한 경우 사례별로 인정토록 함. (고시 제2008-80호, ’08.8.1. 시행)"
자413 자궁질상부 적출술,자궁경부절제술 (transvaginal trachelectomy) 수기료 산정방법,"자궁경부절제술(trachelectomy)은 시술방법(복강경, 질부접근 등) 불문하고 자413 자궁질상부절단술(subtotal hysterectomy) 소정점수에 준용하여 산정함. (고시 제2007-46호, ’07.6.1. 시행)"
자451 제왕절개 만출술,쌍각자궁에 제왕절개만출술과 Hysterectomy 동시 실시시 수가 산정방법,"쌍각자궁(Bicornate Uterus)으로 제왕절개만출술을 시행하면서 Small Uterus를 Hysterectomy한 경우 수기료는 자451 제왕절개만출술과 자417 기형자궁 성형술을 ｢건강보험 행위 급여·비급여 목록표 및 급여 상대가치점수｣ 제1편 제2부 제9장 제1절 처치 및 수술료 [산정지침] (5)에 의거 주된 수술 100%, 그외 수술 50%[종합병원(상급종합병원 포함)은 70%]를 산정함. (고시 제2018-281호, ’19.1.1. 시행)"
자461 신경절단술,"동일 피부 절개하에 Adductor Tenotomy, Obturator Neurectomy 수가 산정방법","뇌성마비 상병에 동일 피부 절개하에 Adductor Tenotomy와 Obturator Neurectomy를 동시 실시시 자461 신경절단술 소정점수 100%와 자91 건·인대 피하 단열수술 소정점수의 50%[종합병원(상급종합병원 포함)은 70%]를 산정함. (고시 제2014-126호, ’14.8.1. 시행)"
자462 혈종제거를 위한 개두술,동일 피부절개하에 양측부위의 혈종제거를 위한 개두술 수가 산정방법,"동일 피부절개하에 양측 F-T-P(Fronto- Temporo -Parietal) 부위의 경막외 혈종(Epidural Hematoma) 제거술은 자462가 혈종제거를 위한 개두술(경막외) 소정점수의 150%로 산정함. (고시 제2007-46호, ’07.6.1. 시행)"
자573 미로절제술,메니에르 상병에 실시한 Chemical Labyrinthectomy 인정횟수,"메니에르상병에 약물이 가지는 독성을 이용하여 전정 기관의 기능을 소멸시키는 방법인 화학적 미로절제술 (Chemical Labyrinthectomy)은 자573다 미로절제술 (약물주입을 이용한 것) 소정점수로 시술횟수 불문하고 1회만 산정함. (고시 제2007-46호, ’07.6.1. 시행)"
중재적 방사선시술,경피적 풍선혈관성형술 등 중재적시술시 방사선료 산정방법,"경피적풍선확장술 등 중재적 방사선시술시 ‘주’에 명시된 ‘별도 산정할 수 없는 방사선료’는 수술이 시도된 해당 혈관에 행한 방사선료를 의미함. (고시 제2000-73호, ’01.1.1. 시행)"
자659 경피적풍선 혈관성형술,자659 경피적풍선혈관성형술 (PTA)시 실패한 경우의 수가 산정방법,"자659 경피적 풍선혈관성형술(PTA)시 Guiding Catheter와 Guide Wire가 병소를 통과하지 못한 경우의 수가 산정 방법은 자659 경피적 풍선혈관성형술(PTA) 소정점수의 50%로 산정함. (주수술인 경우 주수술 소정점수의 50%, 부수술인 경우 부수술 소정점수의 50%) (고시 제2019-315호, ’20.1.1. 시행)"
자663 경피적 혈전제거술,자663가(4) 경피적 혈전제거술(혈전 용해술)-기타혈관 실시 익일 후 이미 확보된 경로로 실시한 중재적 시술수가 산정방법,"자663가(4)경피적 혈전제거술(혈전용해술)-기타혈관 실시 후 잔여 협착이 있거나, 약물에 의한 혈전 용해술 만으로 혈전의 제거가 어려워 익일 이후 이미 확보된 경로로 자659마 경피적풍선혈관성형술 또는 자660마 경피적 혈관내 금속스텐트삽입술, 자663나(4)경피적 혈전제거술(기계적혈전제거술)을 실시한 경우 수가산정방법은 다음과 같이 함. - 다 음 - 가. 자663가(4)경피적 혈전제거술(혈전용해술)- 기타혈관 100%, 자659마 경피적 풍선혈관 성형술-기타혈관 또는 자660마 경피적 혈관내 금속스텐트 삽입술-기타혈관 50%(상급종합 병원·종합병원은 70%)를 산정함. 나. 다만, 자663가(4)경피적 혈전제거술(혈전용해술)- 기타혈관 후 자663나(4) 경피적 혈전제거술(기계적 혈전제거술) [카테터법]-기타혈관을 실시하고 자659마 경피적 풍선혈관성형술-기타혈관 또는 자660마 경피적 혈관내 금속스텐트 삽입술-기타 혈관을 실시한 경우 자663나(4) 경피적 혈전제거술 (기계적 혈전제거술) [카테터법]-기타혈관은 별도 산정하지 아니함. (고시 제2020-19호, ’20.2.1. 시행)"
자668 경피적담도 협착확장술,Both Hepatic Duct에 Stent 삽입시 수기료 산정방법,"Both Hepatic Duct에 Stent 삽입시 수기료는 다음과 같이 산정함. - 다 음 - 가. 동일한 root를 이용한 경우 : 자668나 경피적담도협착확장술(스텐트에 의한 것) 또는 자777가(2) PTBD route 또는 T- tube을 이용한 담관확장술(스텐트삽입) 소정점수의 100%와 50%로 산정 나. 각각의 root를 이용한 경우 : 자668나 경피적담도협착확장술(스텐트에 의한 것) 또는 자777가(2) PTBD route 또는 T- tube을 이용한 담관확장술(스텐트삽입) 소정점수를 각각 산정 다. 역행성담췌관 내시경하 (ERCP) 양측 Hepatic Duct 스텐트 삽입술 : 자776다 역행성 담췌관 내시경수술[내시경적담(췌) 관협착확장술] 소정점수의 100%와 50%로 산정 (고시 제2007-46호, ’07.6.1. 시행)"
자677 경피적경화술,혀의 Hemangioma상병에 Alcohol Injection 시 수기료 산정방법,"혀의 Hemangioma상병에 Direct Alcohol Injection한 시술은 자677가(1)(나)경피적 경화술(단순천자법에 의한 것-두경부-혈관기형) 소정점수로 산정함. (고시 제2007-139호, ’08.1.1. 시행)"
자738 담낭절제술,담도결석시 담낭절제를 시행하고 Sphincteroplasty 및 담도장문합술을 시행하였을 경우의 수가 산정방법,"담도결석시 담낭절제를 시행하고 Sphincteroplasty 및 담도장문합술을 시행하였을 경우에는 자738 담 낭절제술의 소정점수와 자742 오디씨괄약근 절개 및 성형술 또는 자735 담도장문합술 소정점수의 50%[종합병원(상급종합병원 포함)은 70%]를 산 정함. 이 경우 오디씨괄약근 절개 및 성형술과 담도 장문합술은 동시에 산정할 수 없음. (고시 제2023-56호, ’23.3.29. 시행)"
가19 항암화학 요법 부작용 및 반응평가료,항암화학요법 부작용 및 반응평가료 (Fee for Chemotherapy and Side Effects/ Response Evaluation) 급여기준,"항암화학요법 부작용 및 반응평가료는 아래와 같은 요건을 모두 충족한 경우 인정함. 가. 급여대상 1) ｢본인일부부담금 산정특례에 관한 기준｣에 의한 산정특례 대상 중 등록 암환자(V193) 2) 해당 상병(C00~C97, D00~D09, D32~D33, D37~D48) 대상 중 산정특례 등록을 하지 않은 환자 나. 산정기준 (1) 항암화학요법 시행 전 치료를 계획하고, 투여 전 용법, 부작용, 기타 유의점이 담긴 문서를 환자 또는 보호자에게 제공 및 설명 후 동의서를 받아야 하며, 부작용 및 반응평가의 평가내용 및 결과를 진료기록부에 기재하여야 함. (2) 부작용평가는 NCI-CTC를 기준으로 실시하며, 종양반응평가는 평가도구(WHO, RECIST,IPSS Criteria), 유전학적․세포학적 반응평가 등을 이용하여 실시함. 다. 산정횟수 동일 항암화학요법당 부작용평가, 종양반응평가시 각각 1회만 산정함. * NCI-CTC=National Cancer Institute's Common Toxicity Criteria * WHO=World Health Organization * RECIST=Response Evaluation Criteria in Solid Tumor * IPSS=International Prognostic Scoring System (고시 제2020-241호, ’20.10.28. 시행)"
일반사항,장폐색 환자에게 실시하는 장폐색 방사선 검사 (G-I Obstruction Series) 산정방법,"장폐색환자에게 흔히 사용되는 진단방법인 Supine, Erect, Translateral의 복부방사선촬영을 편리하게 통합하여 실시하는 장폐색 방사선 검사(G-I Obstruction Series)는 ｢건강보험 행위 급여·비급여 목록표 및 급여 상대가치점수｣ 제1편 제2부 제3장 제1절 방사선단순 영상진단료 해당항목의 소정점수로 산정함. (고시 제2018-281호, ’19.1.1. 시행)"
일반사항,"디지털감산혈관조영술 (DSA)시 수기료, 재료대 및 Digital 처리비용에 대한 진료수가 산정방법","디지털감산혈관조영술(Digital Subtraction Angiography, D.S.A.)은 정맥 또는 동맥으로 조영제를 주입하여 동시에 많은 동맥혈관을 관찰, 진단하는 검사이므로 수기료는 방사선특수영상진단의 해당 소정금액을 산정 하고 이에 소요된 카테타, 조영제, 필름, G- Wire의 비용은 약제 및 치료재료의 비용에 대한 결정기준에 의거 별도 산정하며, 동 시술시 Digital 처리비용은 CR 영상처리에 대한 보상의 성격으로, CR영상처리에 대한 보상이 30% 가산에서 정액가산으로 변경된 것과 동일하게 정액으로 산정하는 것이 타당함. (고시 제2016-204호, ’16.11.1. 시행)"
일반사항,"전산화단층영상진단, 자기공명영상진단에 대한 외부병원필름판독료 산정방법","1. 조영제 주입 전․후 촬영 및 특수 전산화단층영상진단, 자기공명영상진단(다246가(4) 근골격계, 다246가 (7)(마) 사지혈관, 다246나 특수검사)에 대한 외부병원 필름판독료는 각 항목의 ‘조영제를 사용하지 않는 경우’의 소정점수를 기준으로 산정함. 2. 상기 1. 이외 자기공명영상진단의 경우는 해당 수가의 ‘주’에 의거 산정함. (고시 제2022-51호, ’22.3.1. 시행)"
일반사항,"뇌, 뇌혈관, 경부혈관, 두경부, 척추, 흉부, 흉부혈관, 복부, 복부혈관, 전신, 심장, 심혈관, 자기공명영상진단(M RI) 외부병원필름판독료 산정 후 재촬영 급여기준","뇌, 뇌혈관, 경부혈관, 두경부, 척추, 흉부, 흉부혈관, 복부, 복부혈관, 전신, 심장, 심혈관, 자기공명영상진단 (MRI) 외부병원필름판독료를 산정한 경우, 1개월 내 (단, 척추의 경우 퇴행성 질환은 6개월 내) 재촬영 (동일상병으로 동일부위에 동일촬영)은 요양급여하지 아니함. 다만 다음에 해당하는 경우 재촬영을 요양급여함. - 다 음 - 가. 비조영증강 검사 시행 후 조영증강 검사가 필요한 경우 나. 표준영상을 따르지 않은 경우 다. 표준영상을 따랐으나, 금속성 인공물 또는 환자 움직임으로 인해 진단이 어려운 품질의 영상인 경우 라. 1.5테슬라(tesla) 미만의 MRI 장비로 시행하여 진단이 어려운 품질의 영상인 경우 마. 환자 상태의 변화가 있는 경우 (고시 제2022-51호, ’22.3.1. 시행)"
혈관조영,같은 날 동일 혈관에 혈관조영술과 중재적 시술을 시행하는 경우 수가 산정방법,"같은 날 동일 혈관에 진단목적의 혈관조영술과 중재적 시술을 시행한 경우 수가 산정방법은 다음과 같이 함. - 다 음 - 가. 진단목적의 혈관조영술과 중재적 시술 시 수가는 각각 산정함. 다만, 혈관조영촬영은 해당 혈관의 소정점수 50%로 산정하며, 최대 3혈관까지 산정함. 나. 위 가.에도 불구하고, 간암상병에 화학색전술을 반복하여 시행하는 경우 2회째부터의 색전술 시술 혈관에 시행한 혈관조영촬영은 별도 산정 하지 아니하며 중재적 시술료만 산정함. (고시 제2023-56호, ’23.3.29. 시행)"
다245 일반 전산화단층 영상진단,다245 일반 전산화단층 영상진단(CT)의 급여기준,"다245 일반전산화단층영상진단(Computed tomography, CT)은 다음과 같이 요양급여함. - 다 음 - 가. 일반기준 1) 악성종양과 감별을 요하는 종괴성질환(양성종양, 육아종, 비전형적인 낭종, 농양 등)의 진단, 감별진단 2) 악성종양의 병기 결정 및 추적검사 3) 급성외상(뇌, 흉부, 복부, 골반강, 척추 등) 4) 수술 또는 치료 후 호전되지 않거나 심부 합병증이 의심될 때 5) 선천성질환 중 해부학적 구조 확인이 필요한 경우 (뇌, 안구, 안면, 측두골, 척추 및 체부의 심부) 6) 대동맥질환, 동맥류 7) 손상통제수술 후 단계적 수술을 위해 해부학적으로 재평가가 필요한 경우 나. 두부(Brain)1) 뇌혈관질환(뇌졸중, 뇌동정맥기형, 뇌동맥류, 뇌출혈, 뇌허혈증, 뇌경색) 2) 뇌막염, 뇌염, 뇌농양 등 염증성 질환(진균 및 기생충질환 포함) 3) 대사성질환, 퇴행성질환 및 회백질 질환, 저산소증으로 인한 뇌증의 진단 4) 뇌전증 5) 수두증의 진단, 감별진단 6) 합당한 증상 또는 신경학적 소견이 있어 뇌신경 질환이 의심되는 경우 다. 안면 및 두개기저(Face or Skull Base) 1) 종괴형성, 안와염증, 안구돌출(갑상선 기능항진증 등) 2) 타액선 결석 3) 임상소견 상 수술을 요할 정도의 부비동염 4) 터키안내 양성종양, 낭종(선천성, 후천성) 또는 염증성 질환, 뇌하수체호르몬 이상 시, Empty Sella 5) 중이염에서 진주종, 뇌막염 등의 합병증이 의심될 때 6) 내이(Inner ear)의 정밀 해부학적 구조 파악이 필수적일 때(혈관성 또는 원인불명의 이명, 원인불명의 청각장애 등) 라. 경부(Neck) 1) 원인불명의 심부 림프선 종대 2) 기도폐쇄의 원인진단 및 범위 결정 마. 흉부(Chest) 1) 미만성 간질 폐질환, 원인불명의 기흉, (폐기)종, 세기관지 질환, 기관계 이형성증 2) 종격동 질환의 감별진단 3) 단순 X선 사진으로는 감별이 어려운 폐결절의 감별진단 4) 단순 X선 사진으로는 진단이 어려운 기관지확장증의 확진 또는 수술 전 해부학적 범위 결정5) 원인불명의 각혈, 무기폐, 늑막삼출액 6) 종양과 감별이 어려운 소방형성 늑막삼출, 폐경화 등 7) 기관지 이물 8) 단순X선 사진상 폐문종대가 있어 감별진단을 필요로 할 때 9) 단순흉부 X선 및 객담검사상 폐결핵의 활동성 여부를 결정하기 어려울 때 10) 심장 전산화단층영상진단(Cardiac CT)은 64 채널(channel)이상의 CT로 촬영한 경우에 요양급여로 인정하며, 세부인정기준은 아래와 같음. 다만, 자)~카)는 64채널(Channel) 미만의 CT로 촬영한 경우에도 인정함. - 아 래 - 가) 급성 흉통으로 응급실에 내원한 환자를 대상으로 급성 관동맥 증후군을 감별하기 위하여 촬영 한 경우로서 다음 요건을 모두 충족하는 경우 (1) 관상동맥질환의 위험이 저위험도이거나 중등도 위험도이면서 이전에 관상동맥질환을 진단 받은 적이 없는 환자 (2) 심전도 검사결과 허혈성 소견이 없는 환자 (3) 심근표지자 검사가 진단적이지 않은 환자 나) 관상동맥질환의 발병 위험이 저위험도이거나 중등도 위험도이면서 이전에 관상동맥질환을 진단받은 적이 없고 안정형 흉통이 있는 환자를 대상으로 촬영한 경우로서 다음 요건 중 하나 이상을 충족하는 경우 (1) 선행부하검사 결과 관상동맥질환의 판정이 곤란한 경우 (2) 기저심전도검사 결과 이상이 있어 운동부하검사 판독이 곤란한 경우 (3) 환자의 상태가 운동부하검사를 실시할 수 없는객관적인 소견이 있는 경우 다) 관상동맥 우회로 수술 후 흉통이 있는 환자를 대상으로 이식 혈관의 개통성을 평가하기 위하여 촬영하는 경우 라) 좌주간지 관상동맥 중재시술(직경 3mm 이상 스텐트 삽입)을 받은 환자를 대상으로 혈관의 개통성을 평가하기 위하여 촬영하는 경우 마) 임상적으로 유의한 선천성 관상동맥 기형 평가 바) 심실재동기화치료(cardiac resynchronization therapy, CRT)전 관상정맥의 해부학적 평가를 위하여 촬영하는 경우 사) 관상동맥질환의 발병 위험이 중등도 위험도인 환자를 대상으로 다음 수술을 시행하기 전에 관상동맥질환 여부를 진단하기 위하여 촬영 하는 경우 (1) 비관상동맥 심장질환수술 또는 대동맥 수술 (2) 죽상경화성 말초동맥폐쇄성질환의 우회로 (Bypass graft) 수술 아) 관상동맥질환을 진단받은 적이 없고, 새롭게 심부전(좌심실 구혈률 35%이하)을 진단받은 환자를 대상으로 심부전의 원인을 감별하기 위하여 촬영하는 경우 자) 교착성 심낭염 차) 심낭재수술시 흉벽과 심낭 사이의 유착 확인 카) 복잡 선천성 심장기형의 구조 평가 * 관상동맥질환의 위험도 분류는 교과서(Brauwald's heart disease 등), 임상진료지침 참고 바. 복부 [골반포함](Abdomen) 1) 만성간염, 간경화증으로 조기 암이 의심될 때 2) 간내 문맥정맥간 단락술(TIPS) 시행 시 3) 합병증이 의심되는 담관 또는 췌관의 확장 4) 원인불명의 담도 또는 췌관의 확장5) 선행 검사 상 원인을 알 수 없는 혈뇨 6) 선행 검사 상 원인을 알 수 없는 요로폐쇄 7) 선행 검사 상 진단이 어려운 급성 복증 8) 심부 헤르니아 9) 허혈성 장 질환 10) 자궁내막증 11) 자궁 외 임신 12) 정류고환 사. 상지 및 하지(Upper or Lower Extremity) 1) 해부학적으로 복잡한 부위의 골절(관절, 수족골, 안면, 두개기저, 측두골, 척추 등) 2) 관절 내 유리골편의 확인 3) 염증 또는 외상 후 관절 내 이상소견의 치료 전 평가 및 치료 후 경과 관찰 4) 골연골증의 수술 전 진단 및 범위 결정 5) 수술 후 내고정물의 정확한 위치 평가 6) 골수염의 활동성 여부 결정 7) 단순 X선 사진 상 골절 유합의 평가가 어려울 때 8) 만성관절염, 척추분리증의 수술여부 정밀 평가 아. 척추(Spine) 1) 척수의 염증성, 기생충 질환 2) 합당한 증상 또는 신경학적 증상이 있는 추간판 탈출증, 척추강협착증, 퇴행성질환, 추간반 팽윤증 등의 진단 및 감별진단 자. 3차원 CT 상기 가.~아.의 급여대상 중 해부학적 부위가 복잡 하여 선행검사로는 진단이 어렵다고 판단되는 경우 차. 상기 가.~자. 이외 진료담당의사의 진단 및 치료 방향 설정을 위해 부득이 촬영했을 때는 합당한 관련 자료와 소견서를 첨부하여 촬영의 필요성이 인정된 경우 요양급여함. (고시 제2020-19호, ’20.2.1. 시행)"
다245 일반 전산화단층 영상진단,CT 촬영을 실시한 환자를 다른 요양기관에 이송시 기준,"국민건강보험 요양급여의 기준에 관한 규칙 제6조에 의거 요양기관은 CT 촬영을 실시한 환자를 다른 요양 기관으로 이송 또는 회송한 경우에는 CT 필름 및 판독 소견서를 교부하여야 하고, 진료를 담당하는 요양기관 에서는 환자의 주증상, 치료경력 등의 진찰이나 환자 가족으로부터의 진술을 통하여 타 요양기관에서의 촬영여부를 확인하여 불필요한 진료행위 발생을 방지 하여야 함. (고시 제2000-73호, ’01.1.1. 시행)"
다245-1 Cone Beam 전산화단층 영상진단,다245-1 Cone Beam 전산화단층영상진 단의 급여기준,"다245-1 Cone Beam 전산화 단층영상촬영은 제3장 제1절 방사선단순영상진단(파노라마 등)으로는 진단이 불확실한 경우에 한하여 식약처 허가사항 범위내에서 다음의 경우에 요양급여를 인정함. - 다 음 - 가. 치아부위 1) 근관(신경)치료의 경우 가) 통상적인 근관(신경)치료시 비정상으로 계속 적인동통을 호소하는 경우 : 치근의 파절 또는 비정상적 근관형태로 추가적인 근관치료를 요하는 경우 나) 치근단절제(Apicoectomy) 또는 치아재식술을 요하는 경우로써 해부학적으로 위험한 상태로 하치조관이나, 이공, 상악동부위에 병소가 위치 하여 정확한 진단이 필요한 경우 2) 차41마(3)완전 매복치 발치술과 관련된 완전 매복치 3) 제3대구치는 치근단, 파노라마촬영 등에서 하치조관 또는 상악동과 치근이 겹쳐 보여발치의 위험도가 높은 경우 4) 치아나 치조골의 급성 외상에 의한 치아의 함입 등으로 인해 계승치아에 미치는 영향의 진단 나. 안면 및 두개기저 부위 1) 3치관 크기 이상의 치근낭 2) 타액선 결석 3) 임상소견 상 수술을 요할 정도의 상악동염 4) LeFort Ⅰ,Ⅱ,Ⅲ 골절 혹은 협골부, 안와의 blow-out골절, 하악골의 골절 혹은 하악 과두 골절, 비골골절, 전두동골절, 비·전두사골복합 체골절 5) 악안면 기형 수술의 전ㆍ후 평가 6) 낭종 또는 염증성 질환 7) 터키안내 양성종양, 뇌하수체 호르몬 이상 시, Empty Sella 다. 측두하악관절부위 1) 강직(Ankylosis)과 감별진단을 요하는 심한 임상적 개구제한 2) 골 변화를 동반하는 관절염(퇴행성, 류마티스성, 감염성) 및 과두형태의 이상 3) 스플린트 치료에 반응하지 않는 측두하악장애 4) 악관절수술의 전, 후 평가 라. 부비동(Paranasal) 및 측두골(Temporal) 1) 임상소견 상 수술을 요할 정도의 부비동염이나 비중격만곡증, 만성 중이염과 진주종 등이 의심될 때 2) 비부비동염, 중이염에서 두개내, 두개외의 합병증 등이 의심될 때3) 중이(middle ear), 내이(inner ear)나 내이도 (internal auditory canal)의 정밀 해부학적 구조파악이 필수적일 때 (혈관성 또는 원인불명의 이명, 원인불명의 청각장애 등) 4) 인공와우 이식술 시행 시 5) 악성종양과 감별을 요하는 종괴성 질환의 진단 시 6) 악성종양의 병기결정 및 추적 검사 7) 수술 또는 치료 후 호전되지 않거나 수술 후 재발 및 심부 합병증이 의심될 때 8) 선천성질환 중 해부학적 구조 확인이 필요한 경우 9) 측두골 외상이 의심될 때 마. 상지 및 하지 부위 1) 해부학적으로 복잡한 부위의 골절(관절, 수족골) 2) 관절 내 유리골편의 확인 3) 염증 또는 외상 후 관절 내 이상소견의 치료 전 평가 및 치료 후 경과 관찰 4) 골연골증의 수술 전 진단 및 범위 결정 5) 수술 후 내고정물의 정확한 위치 평가 6) 단순 X선 사진 상 골절 유합의 평가가 어려울 때 7) 만성관절염의 수술여부 정밀 평가 (고시 제2023-121호, ’23.7.1. 시행)"
다246 자기공명 영상진단,자기공명영상진단 (MRI) 급여기준,"1. 자기공명영상진단(MRI) 급여기준은 다음과 같이 하며, 동 기준을 초과하여 실시하는 경우에는 비급여 대상임. - 다 음 - 가. 적응증 1) 암 가) 원발성 암(부위별)- 연조직 육종 및 골 육종 나) 전이성 암(원발종양에 관계없이 전이 혹은 침범된 부위별) - 연조직 및 골 다) 타 진단방법 이후 2차적으로 시행한 경우 2) 관절질환 가) 외상으로 인한 급성 혈관절증 나) 골수염 다) 화농성 관절염 라) 관절 손상 및 인대 손상(탈구 포함) (1) 무릎부위(반달연골, 무릎안의 유리체 등)만 해당되며, 타 부위는 해당되지 않음 (2) (1)의 경우, 급성만 해당되며, 퇴행성 등 만성은 해당되지 않음 나. 인정횟수 1) 진단시: 1회 2) 추적검사 (단, 가.2)는 제외) 가) 수술후(중재적시술 포함): 1개월 경과 후 1회 인정 나) 방사선치료 후: 3개월 경과 후 1회 다) 항암치료중: 2-3주기(cycle) 간격 3) 위 2) 이후의 장기추적검사: 악성종양은 매1년마다 2회씩 2년간, 그 이후부터 매1년마다 1회씩 4) 상기 나.1)~3)에도 불구하고, 환자상태 변화 또는 새로운 병변 발생 등 진료상 추가촬영의 필요성이 있는 경우 인정함. 다. 「본인일부부담금 산정특례에 관한 기준(보건복지부 고시)」[별표4] 희귀질환자 산정특례 대상의 구분 2~5, [별표4의2] 중증난치질환자 산정특례 대상의 구분 5, [별표5] 시행령 별표2 제3호 가목 3)에 따른 결핵 질환의 적용 범위 중 진단받은 질환의 특성상 특정부위의 MRI 촬영이 임상적으로 의학적 필요성이 있는 경우 별도 인정함. 2. 상기 1.에도 불구하고, ｢요양급여의 적용기준 및 방법에 관한 세부사항｣에서 별도로 자기공명영상진단(MRI) 적용기준을 정한 경우, 해당 고시에 따름. 3. 보건복지부 장관이 정하여 고시한 질병군 진료 시 시행된 MRI는 상기 1. 또는 2.의 적응증 및 인정 횟수에 해당되는 경우 ｢건강보험 행위 급여ㆍ비급여 목록표 및 급여 상대가치점수｣ 제2편 제2부 각 장에 분류된 질병군 상대가치점수에 포함되어 별도 산정할 수 없으며, 비급여에 해당하는 경우에는 비급여로 산정함. (고시 제2022-51호, ’22.3.1. 시행)"
다246 자기공명 영상진단,"뇌, 뇌혈관, 경부혈관 자기공명영상진단 (MRI) 급여기준","1. 뇌, 뇌혈관, 경부혈관 자기공명영상진단(MRI) 기본 및 특수검사는 다음의 경우 요양급여함. - 다 음 - 가. 급여대상 1) 아래 상병 등의 뇌질환이 있거나, 이를 의심할만한 신경학적 이상 증상이 있는 경우 또는 신경학적 검사 등 타 검사 상 이상소견이 있는 경우 - 아 래 - 가) 원발성 뇌종양, 전이성 뇌종양, 두개골종양 나) 뇌혈관질환 다) 중추신경계 탈수초성질환 라) 중추신경계 감염성 및 염증성질환 마) 중추신경계 자가면역(면역이상) 질환 바) 이상운동질환 및 중추신경계 퇴행성질환 사) 신경계의 기타 선천 기형아) 치매 자) 뇌전증 차) 뇌성마비 카) 두부손상(저산소성 뇌손상 포함) 타) 기타: 수두증, 자간증 및 전자간증, 안면경련, 삼차신경통, 두개골조기유합증, 성장호르몬 결핍증(뇌하수체기능저하증), 중추성조발사춘기, 중추성 요붕증 2) 상기 1)에도 불구하고 아래 가)~마)는 각 호의 조건을 만족하는 경우 인정 - 아 래 - 가) 두통, 어지럼 - 아래 중 하나에 해당하여 나610나 신경학적검사 (일반검사)를 실시하고 그 결과를 기록한 경우 - 아 래 - (1) 갑자기 혹은 급격히 발생한 지속적인 심한 두통(벼락두통) (2) 발열, 울렁거림(또는 구토), 어지럼 중 2가지 이상을 동반하는 지속적인 두통 (3) 발살바(기침, 힘주기) 또는 성행위로 유발 혹은 악화되는 두통 (4) 군발두통 또는 전조를 동반하는 편두통으로 뇌 이상 여부의 확인이 필요한 경우 (5) 소아에서 새로운 형태의 심한 두통 또는 수개월동안 강도가 심해지는 두통 (6) 암 또는 면역억제상태 환자에서 새롭게 발생한 두통 (7) 중추성 어지럼 나) 신생아 - 주산기 가사 중 신경학적 이상 증상이 있는 경우 또는 저산소성 허혈성 뇌증(뇌손상)이의심되는 경우 다) 발달지연, 수면장애 - 상기 가.1)의 뇌질환이 의심되는 경우로 진료의가 임상적으로 의학적 필요성이 있다고 판단한 경우 라) 정신질환으로 외래 초발 또는 입원 시(단, 낮병동 제외) 정신건강의학과 전문의 또는 전공의가 상기 가.1)의 뇌질환과 감별진단이 필요 하다고 판단한 경우 마) 타 진단장비 이용이 불가하여 MRI 촬영이 불가피한 경우(사구체여과율 60ml/min 이하의 신장기능 저하 환자로 조영제 사용이 불가능한 환자, 임산부 등) 나. 급여횟수: 상기 가.의 급여대상에 해당하는 경우 1) 진단 시: 1회. 단, 정확한 진단을 위해 특수촬영 등의 다른 촬영기법이 필요한 경우 추가 1회 2) 추적검사 가) 수술(뇌정위적수술 및 중재적시술 포함), 방사선 치료(뇌정위적방사선수술 포함), 항암치료를 시행하는 경우 (1) 시행 전: 치료목적(수술 및 방사선치료 범위 결정 등)으로 촬영한 경우 1회 (2) 수술(뇌정위적수술 및 중재적시술 포함) 후: 1개월 내 1회, 2~6개월 내 추가 1회, 7~12개월 내 필요시 추가 1회 (3) 방사선치료(뇌정위적방사선수술 포함) 후: 1~3개월 경과 후 1회. 단, 악성종양은 필요시 1년 이내 추가 1회 (4) 항암치료 중: 2-3주기(cycle) 간격 나) 상기 나.2)가)에 해당하지 않는 경우 - 뇌졸중 및 일과성허혈발작: 1개월 내 1회, 2~12개월 내 추가 1회3) 상기 나.1) 또는 나.2) 이후의 장기추적검사 가) 뇌혈관질환: 1회/년 2년간, 그 이후 1회/2년 4년간 (최대 6년) 나) 양성종양: 1회/년 2년간, 그 이후 1회/2년 8년간 (최대 10년) 단, 수술(시술) 등을 시행 후 잔여 종양이 확인된 경우 1회/년 5년간, 그 이후 1회/2년 다) 악성종양: 2회/년 2년간, 그 이후 1회/년 단, 만 18세 이하에서 진단받은 소아청소년암은 4회/년 5년간(또는 완치시까지) 라) 다발성경화증: 1회/년 마) 발달지연 (1) 만 3세 이하에서 진단받은 경우 1회/년 (최대 만 6세까지) (2) 만 4세 이상에서 진단받은 경우 필요시 최대 3회 4) 상기 나.1)~3)에도 불구하고, 환자상태의 변화 또는 새로운 병변 발생 등 진료상 추가촬영의 필요성이 있는 경우 추가 인정함. 다. 아래 각 호에 해당하는 경우 ｢선별급여 지정 및 실시 등에 관한 기준｣에 따라 본인부담률을 80%로 적용함. - 아 래 - 1) 상기 가.2)가)에 해당하지 않으나 뇌질환을 의심할만한 두통, 어지럼으로 나610나 신경학적 검사(일반검사)를 실시하고 그 결과를 기록한 경우 2) 상기 나.1)~3)의 급여횟수 초과 시 (단, 최대기간, 최대횟수가 명시된 경우는 최대범위 내에 한함.) 라. ｢본인일부부담금 산정특례에 관한 기준｣[별표4] 희귀질환자 산정특례 대상의 구분 2~5, [별표4의2] 중증난치질환자 산정특례 대상의 구분 5, [별표5] 시행령 별표2 제3호 가목 3)에 따른 결핵 질환의적용 범위 중 진단받은 질환의 특성상 MRI 촬영이 임상적으로 의학적 필요성이 있는 경우 별도로 인정함. 마. 산정기준 1) 상기 가.~라.의 경우 영상진단료는 아래와 같이 표준영상을 획득하고, 판독의가 판독소견서를 작성·비치한 경우에 산정하며, 판독소견서 기재 범위는 아래와 같음. - 아 래 - 가) 표준영상의 범위 (1) 뇌 (가) 맥동파 순서열(Pulse sequence): 축상면 T1 강조영상(axial T1WI), 축상면 T2 강조영상(axial T2WI), 축상면 T2 FLAIR 영상 (axial T2 FLAIR), 시상면 T1 강조영상 (sagittal T1WI) 단, 1.5테슬라(tesla) 이상은 축상면 T2*경사 에코영상(axial T2* gradient echo image) 또는 자화강조영상(susceptibility-weighted imaging)을 추가로 포함하여야 함. (나) 절편: 두께 5mm 이하, 간격 2mm 이하 수준 (다) 조영제 주입 후 촬영: 2개 이상의 수직면 및 조영제 주입 전 영상과 같은 평면 1개 이상 (라) 단, 3차원 MRI 영상을 획득하여 다양한 평면이나 절편 간격으로 재구성한 영상을 적용하거나, 특별한 의학적 목적을 위한 경우에서 영상면 또는 영상기법 등의 표준 영상을 변경할 수 있음. (2) 뇌혈관: 혈관영상을 위한 재구성 영상 및 혈관 재구성 전 원본 영상 (3) 경부혈관: 혈관영상을 위한 재구성 영상나) 판독소견서 기재범위 (1) 임상정보(병력, 검사실시 사유 등), 획득한 영상기법, 조영제 사용 여부 (2) 뇌는 대뇌, 소뇌, 뇌간, 뇌실, 뇌실질외 공간의 주요 이상소견(허혈성 병변, 출혈, 종괴, 수 두증, 위축) 여부를 포함하며, 뇌·경부혈관은 혈관의 주요 이상소견(협착, 폐색, 동맥류 등) 여부를 포함하되, 이상이 있는 경우 세부 내용을 상세 기술함. 2) 상기 마.1) 이외 별도로 규정하지 않은 산정기준은 ｢방사선 영상진단의 판독료 산정기준｣에 의함. 2. 상기 1.에 해당하지 않은 경우 비급여하되, 이때 담당 진료의가 충분히 설명하고 환자가 동의서에 서명 하여야 함. 3. 상기 1.~2.에도 불구하고 경도인지장애는 ｢경도인지 장애의 자기공명영상진단(MRI) 급여기준｣에 따름. (고시 제2020-45호, ’20.4.1. 시행)"
다246 자기공명 영상진단,두경부 자기공명영상진단 (MRI) 급여기준,"1. 두경부 자기공명영상진단(MRI) 기본 및 특수검사는 다음의 경우 요양급여함. - 다 음 - 가. 급여대상 1) 아래의 두경부 부위 질환이 있거나, 이를 의심 하여 진료의가 임상적으로 의학적 필요성이 있다고 판단한 경우 - 아 래 - 가) 두경부 부위의 악성종양(전이성 포함) 단, 갑상선은 조직검사 상 악성종양으로 진단 후 주변조직 침범범위 확인이 필요한 경우에 한함. 나) 두경부 부위의 양성종양(낭종성병변 포함) (1) 혈관종, 신경원성종양(2) 상기 (1) 이외의 종양 (가) 안와, 눈물배출기관의 종양 (나) 타액선, 부인두공간의 종양 (다) 비부비동내 종양(반전성 유두종, 점액낭종) (3) 상기 (1)~(2)에 해당하지 않는 두경부 부위의 종양으로 촬영의 필요성이 인정되는 경우 다) 두경부 부위의 감염성 및 염증성질환 (1) 안와의 감염성 및 염증성질환(갑상선안병증, 시신경염, 특발안와염, 안와연조직염, 해면 정맥굴혈전(cavernous sinus thrombosis) 등) (2) 심경부감염 (3) 아래 (가)~(다)의 질환에서 촬영의 필요성이 인정되는 경우 - 아 래 - (가) 눈꺼풀의 심부감염 (나) 기무라병 (다) 전정신경염, 진주종성 중이염, 악성외이도염, 비부비동염 라) 기타 질환 (1) 두경부 부위의 혈관기형, 림프관기형 (2) 두경부 부위의 혈관성질환(목동맥해면굴샛길 (carotid cavernous fistula), 안와정맥류) (3) 안와의 선천기형 (4) 아래 (가)~(라)의 질환에서 촬영의 필요성이 인정되는 경우 - 아 래 - (가) 시신경병증, 사시(마비사시, 제한사시, 특수 사시) (나) 안와외상 (다) 내이질환(달팽이신경 무(소)형성증, 메니 에르병), 무후각증(라) 구개수인두부전 2) 타 진단장비 이용이 불가하여 MRI 촬영이 불가 피한 경우(사구체여과율 60ml/min 이하의 신장 기능 저하 환자로 조영제 사용이 불가능한 환자, 임산부 등) 나. 급여횟수: 상기 가.의 급여대상에 해당하는 경우 1) 진단 시: 1회. 단, 정확한 진단을 위해 특수촬영 등의 다른 촬영기법이 필요한 경우 추가 1회 2) 추적검사 가) 악성종양, 양성종양(낭종성병변 포함), 혈관기형, 림프관기형 (1) 방사선치료(방사선수술 포함) 시행 전 범위 결정 등으로 촬영한 경우: 1회 (2) 수술(중재적시술 포함) 후: 1회. 단, 악성종양은 필요시 1년 이내 추가 1회 (3) 방사선치료(방사선수술 포함) 후: 3개월 경과 후 1회. 단, 악성종양은 필요시 1년 이내 추가 1회 (4) 항암치료 중: 2-3주기(cycle) 간격 나) 심경부감염으로 수술(중재적시술 포함) 후: 1회 3) 상기 나.1) 또는 나.2) 이후의 장기추적검사 가) 악성종양: 2회/년 2년간, 그 이후 1회/년 단, 18세 이하에서 진단받은 소아청소년암은 4회/년 3년간, 그 이후 2회/년 2년간, 그 이후 1회/년 나) 양성종양: 1회/년 2년간, 그 이후 1회/2년 8년간 (최대 10년) 단, 낭종성병변은 필요시 양성종양에 준하여 적용 다) 혈관기형, 림프관기형: 1회/년 2년간, 그 이후 1회/2년 4년간 (최대 6년) 4) 상기 나.1)~3)에도 불구하고, 환자상태의 변화 또는 새로운 병변 발생 등 진료상 추가촬영의 필요성이 있는 경우 추가 인정함.5) 상기 나.1)~3)의 급여횟수 초과 시 ｢선별급여 지정 및 실시 등에 관한 기준｣에 따라 본인부담률을 80%로 적용함. (단, 최대기간이 명시된 경우는 최대범위 내에 한함.) 다. ｢본인일부부담금 산정특례에 관한 기준｣[별표4] 희귀질환자 산정특례 대상의 구분 2~5, [별표 4의2] 중증난치질환자 산정특례 대상의 구분 5, [별표5] 시행령 별표2 제3호 가목 3)에 따른 결핵 질환의 적용 범위 중 진단받은 질환의 특성상 MRI 촬영이 임상적으로 의학적 필요성이 있는 경우 별도로 인정함. 라. 산정기준 1) 상기 가.~다.의 경우 영상진단료는 아래와 같이 표준영상을 획득하고, 판독의가 판독소견서를 작성·비치한 경우에 산정하며, 판독소견서 기재 범위는 아래와 같음. - 아 래 - 가) 표준영상의 범위 (1) 안면, 경부 (가) 맥동파 순서열(Pulse sequence): 비지방억제 축상면 T1 강조영상(non fat- suppressed axial T1WI), 축상면 T2 강조영상(axial T2WI), 관상면 T2 강조영상(coronal T2WI)을 포함하여 최소 4개 이상 단, T2 강조영상(T2WI) 중 1개 이상은 지방 억제기법(fat-suppressed technique)을 적용 하여야 하며, 관상면 T2 강조영상(coronal T2WI)은 관상면 T1 강조영상(coronal T1WI)으로 대체할 수 있음. (나) 절편: 두께 4mm 이하, 간격 1mm 이하 (2) 부비동(가) 맥동파 순서열(Pulse sequence): 지방억제 축상면 T2 강조영상(fat-suppressed axial T2WI), 축상면 T1 강조영상(axial T1WI), 관상면 T1 강조영상(coronal T1WI)을 포함하여 최소 4개 이상 단, T1 강조영상(T1WI) 중 1개 이상은 비지방 억제기법(non fat-suppressed technique)을 적용하여야 하며, 관상면 T1 강조영상 (coronal T1WI)은 관상면 T2 강조영상 (coronal T2WI)으로 대체할 수 있음. (나) 절편: 두께 4mm 이하, 간격 1mm 이하 (3) 안와 (가) 맥동파 순서열(Pulse sequence): 지방억제 관상면 T2 강조영상(fat-suppressed coronal T2WI), 축상면 T1 강조영상(axial T1WI), 관상면 T1 강조영상(coronal T1WI)을 포함하여 최소 4개 이상 단, T1 강조영상(T1WI) 중 1개 이상은 비지방 억제기법(non fat-suppressed technique)을 적용하여야 하며, 축상면 T1 강조영상 (axial T1WI)은 축상면 T2 강조영상(axial T2WI)으로 대체할 수 있음. (나) 절편: 두께 3mm 이하, 간격 1mm 이하 (4) 측두골 (가) 맥동파 순서열(Pulse sequence): 얇은 절편 3차원 T2 강조영상(thin section 3D T2WI), 축상면 T1 강조영상(axial T1WI), 관상면 T2 강조영상(coronal T2WI)을 포함하여 최소 4개 이상 단 , 얇은 절편 3차원 T2 강조영상 (thin section 3D T2WI)은 얇은 절편 3차원양성자 밀도강조영상(thin section 3D PDWI)으로, 축상면 T1 강조영상(axial T1WI)은 관상면 T1 강조영상(coronal T1WI)으로 대체할 수 있으며, 관상면 T2 강조영상(coronal T2WI)은 축상면 T2 강조 영상(axial T2WI) 또는 시상면 T2 강조영상 (sagittal T2WI)으로 대체할 수 있음. (나) 절편: 두께 3mm 이하, 간격 1mm 이하 (5) 조영제 주입 후 촬영: 2개 이상의 수직면을 포함 하되, 이중1개이상은지방억제기법(fat-suppressed technique)을 적용 (6) 단, 3차원 MRI 영상을 획득하여 다양한 평면 이나 절편 간격으로 재구성한 영상을 적용 하는 경우 표준영상을 변경할 수 있음. 나) 판독소견서 기재범위 (1) 임상정보(병력, 검사실시 사유 등), 획득한 영상기법, 조영제 사용 여부 (2) 주요 이상소견(종괴, 염증, 림프절 등) 여부를 포함하되, 이상이 있는 경우 세부내용(병소의 해부학적 위치, 병소의 양상 등)을 상세 기술함. 2) 상기 라.1) 이외 별도로 규정하지 않은 산정기준은 ｢방사선 영상진단의 판독료 산정기준｣에 의함. 2. 상기 1.에 해당하지 않은 경우 비급여하되, 이때 담당 진료의가 충분히 설명하고 환자가 동의서에 서명 하여야 함. (고시 제2019-229호, ’19.11.1. 시행)"
다246 자기공명 영상진단,"흉부, 흉부혈관, 복부, 복부혈관 자기공명영상진단 (MRI) 급여기준","1. 흉부, 흉부혈관, 복부, 복부혈관 자기공명영상진단 (MRI) 기본 및 특수검사는 다음의 경우 요양급여함. - 다 음 - 가. 급여대상1) 아래의 흉복부 부위 질환이 있거나, 이를 의심하여 진료의가 임상적으로 타 진단방법 이후 2차적 시행의 필요성이 있다고 판단한 경우 - 아 래 - 가) 흉복부 부위의 악성종양(전이성 포함) 단, 위암은 타 진단방법에서 임상병기 T4 혹은 크기가 5cm 이상으로 확인된 경우에 한함. 나) 흉복부 부위의 양성종양 (1) 간선종 (2) 소아의 위장관기질종양 또는 신경내분비종양 (3) 췌장낭성종양, 췌장 또는 담도 신경내분비종양 (4) 후직장종양 (5) 조직검사에서 확인된 전립선 양성병변: HPIN(High grade Prostate Intraepithelial Neoplasia), ASAP(Atypical Small Acinar Proliferation) (6) 흉부 부위의 신경원성종양 또는 기관지성 낭종 (Bronchogenic cyst) 다) 기타질환 (1) 간 이형성결절: 크기가 1cm 이상인 경우 (2) 자가면역성 췌장염, 원인불명의 재발성 급성 췌장염 (3) 담관 또는 췌관의 협착, 확장, 누공 (4) 간내담석 (5) 크론병: 크론병 진단 이후 소장 또는 직장 또는 항문병변이 의심되는 경우 (6) 대동맥박리, 거대세포동맥염 (7) 대동맥 또는 대정맥의 선천기형 (8) 복부 외상 (가) 간담도 또는 췌장의 외상(나) 중증의 다발성 복부장기 손상 2) 타 진단장비 이용이 불가하여 MRI 촬영이 불가피한 경우(사구체여과율 60ml/min 이하의 신장기능 저하 환자로 조영제 사용이 불가능한 환자, 임산부 등) 3) 아래 각 호에 해당하여, 진료의가 임상적으로 필요성이 있다고 판단한 경우 - 아 래 - 가) 장기이식 (1) 간이식술 시행 전(장기를 제공하는 경우 포함) (2) 췌장이식 또는 신장이식 후 이식장기의 기능 장애가 의심되는 경우 나) 총담관결석 - CT에서 총담관결석이 확인되지 않은 경우로 총담관확장 소견이 있거나, 임상증상 또는 혈액 검사 등에서 방사선투과성 결석이 의심되는 경우 다) 다낭성신장 - 타 진단방법에서 다낭성신장의 진단기준을 만족하는 경우 라) 유착태반 (1) 초음파검사에서 전치태반이 진단되어 태반의 유착 여부 확인이 필요한 경우 (2) 분만 이후 초음파검사에서 잔여태반이 진단되어 태반의 유착 여부 확인이 필요한 경우 마) 자궁근종 - 가임능력 보전을 위한 자궁근종절제술 시행 전 근종의 개수 또는 위치 확인이 필요한 경우 바) 심부자궁내막증 - 자궁후벽, 직장, 방광 등의 심부자궁내막증 의심소견이 있는 경우로 초음파 검사에서도동 질환이 의심되는 경우 사) 자궁 또는 자궁경부 또는 질 선천기형 - 타 진단방법에서 임신능력에 영향을 미치는 MRKH(Mayer Rokitansky Kuster Hauser) 증후군 등의 선천기형이 확인된 경우 아) 하부비뇨기계(방광, 요도) 또는 남성생식기의 선천기형 - 타 진단방법에서 배뇨장애 또는 생식능력에 영향을 미치는 선천기형이 확인된 경우 자) 요도질환 - 타 진단방법에서 확인된 요도게실, 요도협착 등으로 수술 시행 전 요도와 주위조직 및 주변 장기와의 해부학적 구조 확인이 필요한 경우 나. 급여횟수: 상기 가.의 급여대상에 해당하는 경우 1) 진단 시: 1회 2) 추적검사 (단, 상기 가.3)은 제외) 가) 상기 나.1) 시행 후 간세포암 확진 기준을 충족하지 않으나, 간세포암 의증 소견에 해당 하는 경우: 3~6개월 후 1회 나) 방사선치료(방사선수술 포함) 시행 전 범위 결정 등으로 촬영한 경우: 필요시 1회 다) 수술(중재적시술 또는 내시경시술 포함) 후: 1회 라) 방사선치료(방사선수술 포함) 후: 1~3개월 경과 후 1회 마) 항암치료 중: 2-3주기(cycle) 간격 3) 상기 나.1) 또는 나.2) 이후의 장기추적검사 가) 악성종양: 2회/년 2년간, 그 이후 1회/년 단, 상기 가.2)의 환자가 간세포암을 진단받은 경우에는 3회/년 5년간, 그 이후 1회/년 나) 양성종양 등(1) 간선종: 1회/2년 (최대 6년) (2) 췌장낭성종양(수술을 시행한 경우 제외) - 크기가 1cm 이상 3cm 미만인 경우에 한해 1회/년 2년간, 그 이후 1회/2년 8년간 (최대 10년) - 단, 악성화가 의심되는 경우에는 2회/년 2년간, 그 이후 1회/2년 8년간 (최대 10년) (3) 췌장 또는 담도 신경내분비종양(수술을 시행한 경우 제외) - 악성화가 의심되는 경우 2회/년 2년간, 그 이후 1회/2년 8년간 (최대 10년) (4) 후직장종양(수술을 시행한 경우 제외): 1회/년 2년간 (5) 조직검사에서 확인된 전립선 양성병변 (HPIN, ASAP): 2회/년 2년간 (6) 간 이형성결절: 1회/년 (최대 5년) (7) 상기 가.2)의 환자가 부신종양을 진단받은 경우: 2회/년 2년간 (8) 상기 가.2)의 환자가 대동맥박리 또는 대동맥류를 진단받은 경우: 1회 4) 상기 나.1)~3)에도 불구하고, 환자상태의 변화 또는 새로운 병변 발생 등 진료상 추가촬영의 필요성이 있는 경우 추가 인정함. 다. 상기 가.의 급여대상 이외 아래에 해당하는 경우 또는 상기 나.1)~3)의 급여횟수 초과 시 「선별급여 지정 및 실시 등에 관한 기준」에 따라 본인부담률을 80%로 적용함. (단, 최대기간이 명시된 경우는 최대범위 내에 한함.) - 아 래 - 1) 자궁선근종 - 초음파검사에서 자궁선근종(adenomyoma)이확인되어, 치료방향 결정을 위해 자궁근종과의 감별이 필요한 경우 2) 복잡치루 가) CT에서 치루관의 주행 경로 파악이 매우 어려운 경우 나) 직장질루를 동반한 경우 다) 직장수술 후 또는 골반부위 방사선치료 후 또는 악성종양 진단 이후 2차적으로 발생한 경우 3) 항문괄약근 손상 혹은 협착이 있는 변실금 - 항문괄약근 손상 혹은 협착으로 초음파 probe 삽입이 어려운 변실금 환자에서 근전도검사 (EMG)를 시행하고 항문괄약근성형술 전 외괄약근 상태와 위축여부 확인이 필요한 경우 라. 「본인일부부담금 산정특례에 관한 기준」[별표4] 희귀질환자 산정특례 대상의 구분 2~5, [별표4 의2] 중증난치질환자 산정특례 대상의 구분 5, [별표5] 시행령 별표2 제3호 가목 3)에 따른 결핵 질환의 적용 범위 중 진단받은 질환의 특성상 MRI 촬영이 임상적으로 의학적 필요성이 있는 경우 별도로 인정함. 마. 산정기준 1) 상기 가.~라.의 경우 영상진단료는 아래와 같이 표준영상을 획득하고, 판독의가 판독소견서를 작성·비치한 경우에 산정하며, 판독소견서 기재 범위는 아래와 같음. - 아 래 - 가) 표준영상의 범위 (1) 흉부 ① 맥동파 순서열(Pulse sequence) - 축상면 T1 강조영상(axial T1WI) - 축상면 T2 강조영상(axial T2WI) 또는지방억제 축상면 T2 강조영상(fat-suppressed axial T2WI) ② 절편: 두께 5mm 이하, 간격 3mm 이하 ③ 조영제 주입 후 촬영: 조영제 주입 전·후의 T1 강조영상(축상면을 포함한 2개 이상의 축으로 구성된 단면 영상)을 획득함. (2) 유방 ① 1.5테슬라 이상의 장비에서 유방 전용 코일을 사용하여 복와위 자세(prone position)로 양측유방을 촬영함. ② 맥동파 순서열(Pulse sequence) - 축상면 T1 강조영상(axial T1WI) - 축상면 T2 강조영상(axial T2WI) - 단, 축상면(axial)을 시상면(sagittal)으로 대체할 수 있음. ③ 절편 - T1 강조영상: 두께 3mm 이하, 간격 없음 - T2 강조영상: 두께 7mm 이하, 간격 없음 ④ 조영제 주입 후 촬영: 조영증강 T1 강조영상은 지방억제기법(fat-suppressed technique)을 적용하거나 또는 감산(subtraction) 영상을 포함함. 조영제 주입 후 60~120초 사이에 초기 조영증강영상을 얻고, 조영제 주입 후 4분 이후에 촬영된 후기 조영증강영상을 얻어야함. 조영제 주입 후 4~5회의 역동적 조영증강 영상을 획득할 것을 권고함. (단, 두께 3mm 이하, 간격 없음, 시간해상도(temporal resolution) 120초 이하) ⑤ 3차원 영상 획득 시 3차원 최대강도투사영상 (maximum intensive projection)을 포함 할 것을 권고함.(3) 흉부혈관 - 혈관영상을 위한 재구성 영상 (4) 복부 (크론병) ① 맥동파 순서열(Pulse sequence) - 2D thick slab MRCP-like 영상 - 관상면 T2 강조 HASTE 영상(coronal T2W HASTE image) - 지방억제 관상면 T2 강조 HASTE 영상 (fat-suppressed coronal T2W HASTE image) - 지방억제 축상면 T2 강조 HASTE 영상 (fat-suppressed axial T2W HASTE image) ② 절편 - 축상면 또는 관상면 T2 강조영상: 두께 8mm 이하, 간격 없음, 격자수 한축에서 320이상(최소 256이상) - 지방억제 T2 강조영상: 두께 5mm 이하, 간격 없음, 격자수 한축에서 320이상(최소 256이상) ③ 조영제 주입 후 촬영 - 조영제 주입 전·후의 지방억제 관상면 T1 강조영상(fat-suppressed coronal T1WI)을 획득함. (단, 두께 5mm 이하, 간격 없음, 격자수 한축에서 320이상(최소 256이상)) - 다중영상(multiphase image)을 획득할 수 있음. (5) 골반 (가) 직장 ① 맥동파 순서열(Pulse sequence) - 축상면 T2 강조영상(axial T2WI) - 시상면 T2 강조영상(sagittal T2WI) ② 절편- 축상면 T2 강조영상: 두께 4mm 이하, 간격 1mm 이하, 격자수 한 축에서 256 이상, FOV 220 × 220 이하 - 시상면 T2 강조영상: 두께 5mm 이하, 간격 1mm 이하 ③ 조영제 주입 후 촬영: 조영제 주입 전·후의 지방 억제 축상면 T1 강조영상(fat-suppressed axial T1WI) 또는 지방억제 시상면 T1 강조 영상(fat-suppressed sagittal T1WI)을 획득함. (단, 두께 5mm 이하, 간격 1mm 이하) (나) 골반 ① 맥동파 순서열(Pulse sequence) - 축상면 T1 강조영상(axial T1WI) - 축상면 T2 강조영상(axial T2WI) - 시상면 T2 강조영상(sagittal T2WI) - 관상면 T2 강조영상(coronal T2WI) - 단, 자궁의 악성종양의 경우에는 자궁에 직각인 T2 강조영상(oblique T2WI)을 추가할 것을 권고하며, 난소 종양의 경우는 지방억제 축상면 T1 강조영상(fat-suppressed axial T1WI)을 추가할 것을 권고함. ② 절편: 두께 4mm 이하, 간격 1mm 이하 ③ 조영제 주입 후 촬영: 조영제 주입 후 2개 이상의 수직면 T1 강조영상을 획득함. (6) 췌장 ① 맥동파 순서열(Pulse sequence) - 축상면 T2 강조영상(axial T2WI) 또는 관상면 T2 강조영상(coronal T2WI) - 지방억제 축상면 T1 강조영상(fat-suppressed axial T1WI) - 화학전위 영상(in & opposed phase)② 절편 - 축상면 또는 관상면 T2 강조영상: 두께 8mm 이하, 간격 2mm 이하, 격자수 한축에서 256이상 - 지방억제 T1 강조영상: 두께 5mm 이하, 간격 없음, 격자수 한축에서 256이상 ③ 조영제 주입 후 촬영 - 3차원 경사자장(Gradient) 지방억제 축상면 조영증강 T1 강조영상(fat-suppressed axial contrast-enhanced T1WI)을 획득함. (단, 두께 5mm 이하, 간격 없음, 격자수 한축에서 256이상) - 다중영상(multiphase image)을 획득할 수 있음. (7) 신장 및 부신 ① 맥동파 순서열(Pulse sequence) - 축상면 T2 강조영상(axial T2WI) 또는 관상면 T2 강조영상(coronal T2WI) - 지방억제 축상면 T2 강조영상(fat-suppressed axial T2WI) - 화학전위 영상(in & opposed phase) - 축상면 T1 강조영상(axial T1WI) ② 절편: 두께 4mm 이하, 간격 1mm 이하 ③ 조영제 주입 후 촬영 - 3차원 경사자장(Gradient) 지방억제 축상면 조영증강 T1 강조영상(fat- suppressed axial contrast-enhanced T1WI)을 획득함. (단, 두께 5mm 이하, 간격 없음, 격자수 한축에서 256이상) - 다중영상(multiphase image)을 획득할 수 있음. (8) 음낭 및 음경 ① 맥동파 순서열(Pulse sequence)- 축상면 T1 강조영상(axial T1WI) - 축상면 T2 강조영상(axial T2WI) - 시상면 T2 강조영상(sagittal T2WI) - 관상면 T2 강조영상(coronal T2WI) ② 절편: 두께 4mm 이하, 간격 1mm 이하 ③ 조영제 주입 후 촬영: 조영제 주입 후 2개 이상의 수직면 T1 강조영상을 획득함. (9) 간 ① 맥동파 순서열(Pulse sequence) - 축상면 T1 강조영상(axial T1WI) - 축상면 T2 강조영상(axial T2WI) - 축상면 Heavily T2 강조영상(echo time 140 ms 이상) - 화학전위 영상(in & opposed phase) ② 절편 - 축상면 강조영상: 두께 8mm 이하, 격자수 T1 강조영상은 256 × 192 이상, T2 강조 영상 256 × 160 이상 ③ 조영제 주입 후 촬영 - 3차원 경사자장(Gradient) 지방억제 축상면 조영증강 T1 강조영상(fat-suppressed axial contrast- enhanced T1WI)을 획득함. (단, 두께 5mm 이하, 간격 없음, 격자수 한축에서 256이상) - 다중영상(multiphase image)을 획득할 수 있음. (10) 담췌관 ① 1.5 테슬라 이상의 MRI 장비에서 촬영 ② 맥동파 순서열(Pulse sequence) - 2D thick slab MRCP 또는 3D MRCP 재구성 영상(단, 3D MRCP는 thin section 영상을 포함함.)- 축상면 T2 강조영상(axial T2WI) 또는 관상면 T2 강조영상(coronal T2WI) - 화학전위 영상(in & opposed phase) ③ 절편 - 3D MRCP: 격자수 한축에서 256이상 - 축상면 또는 관상면 T2 강조영상: 두께 8mm 이하, 간격 2mm 이하, 격자수 한축에서 256이상 ④ 조영제 주입 후 촬영 - 3차원 경사자장(Gradient) 지방억제 축상면 조영증강 T1 강조영상(fat-suppressed axial contrast- enhanced T1WI)을 획 득함. (단, 두께 5mm 이하, 간격 없음, 격 자수 한축에서 256이상) - 다중영상(multiphase image)을 획득할 수 있음. (11) 전립선 ① 1.5 테슬라 이상의 MRI 장비에서 촬영 ② 맥동파 순서열(Pulse sequence) - 축상면 T1 강조영상(axial T1WI) - 축상면 T2 강조영상(axial T2WI) - 시상면 T2 강조영상(sagittal T2WI) - 관상면 T2 강조영상(coronal T2WI) ③ 절편: 두께 4mm 이하, 간격 1mm 이하 ④ 조영제 주입 후 촬영: 3차원 경사자장 (Gradient) 축상면 역동적 조영증강 T1 강조영상(axial dynamic contrast- enhanced T1WI)을 획득함. ⑤ 반드시 b-value 1000 s/mm2 이상을 적용한 확산강조영상 검사를 함께 시행하여야 함. (12) 복부혈관: 혈관영상을 위한 재구성 영상 (13) 단, 3차원 MRI 영상을 획득하여 다양한 평면이나 절편 간격으로 재구성한 영상을 적용 하는 경우 표준영상을 변경할 수 있음. 나) 판독소견서 기재범위 (1) 임상정보(병력, 검사실시 사유 등), 획득한 영상기법, 조영제 사용 여부 (2) 각 부위별 주요 이상소견 여부를 포함하되, 이상이 있는 경우 세부내용(병소의 해부학적 위치, 병소의 양상 등)을 상세 기술함. (가) 흉부: 종양의 위치, 개수, 크기, 형태적 특징, 인접장기 침범 여부, 임파절 전이 등 (나) 유방: 종양의 위치, 개수, 크기, 형태적 특징, 인접장기 침범 여부, 임파절 전이 등 (다) 흉부혈관: 협착, 폐색, 동맥류 등 (라) 복부 - 크론병: 병변의 침범 범위(위, 십이지장, 소장, 대장), 장벽 비후 여부, 주변 장간막 변화, 림프절 비대, 누공, 농양의 유무 등 - 복강내 간담췌 이외 기관의 종양: 종양의 위치, 개수, 크기, 형태적 특징, 인접장기 침범 여부, 임파절 전이 등 - 임산부 충수돌기염: 충수돌기의 유무, 염증 소견 및 충수석의 유무, 주변 농양 및 맹장벽 비후, 림프절 비대 등 (마) 골반 - 직장암: 항문, 직장, 원위 에스자결장의 종양 유무 등 - 직장암 이외: 골반 장기내의 이상 유무, 악성 종양의 경우 병기결정에 필요한 주변조직 침범 여부, 림프절 비대 여부 등 (바) 췌장: 종양, 췌장염, 췌관확장 유무 등 (사) 신장 및 부신: 양측 부신 종괴 여부, 양측 신장종괴 여부, 대동맥 주위 림프절 비대 등 (아) 음낭 및 음경: 고환 내 병변 유무, 고환 백색막 손상 유무, 부고환을 포함한 양측 음낭 내 이상 소견 유무 (자) 간: 간의 형태 및 동반질환(간경화, 문맥 혈전, 복수, 측부혈관 등), 간종양의 유무 등 (차) 담췌관: 담석, 췌석, 담췌관 확장, 종양, 염증, 농양의 유무 등 (카) 전립선: 전립선 용적, 전립선 내 병변(암) 유무(PI-RADS 기준), 전립선 암의 전립선 밖 침범 여부, 정낭 침범 여부, 기타 전립선 이상 여부(염증, 전립선 비대, 낭종), 림프절 및 골반뼈 전이 여부 등 (타) 복부혈관: 협착, 폐색, 동맥류 등 2) 상기 마.1) 이외 별도로 규정하지 않은 산정기준은 「방사선 영상진단의 판독료 산정기준」에 의함. 2. 상기 1.에 해당하지 않은 경우 비급여하되, 이때 담당 진료의가 충분히 설명하고 환자가 동의서에 서명하여야 함. (고시 제2019-229호, ’19.11.1. 시행)"
다246 자기공명 영상진단,전신 자기공명영상진단 (MRI) 급여기준,"전신 자기공명영상진단(MRI)는 「요양급여의 적용기준 및 방법에 관한 세부사항」에서 별도로 정한 자기공명 영상진단(MRI) 적용기준에 따름. (고시 제2019-229호, ’19.11.1. 시행)"
다246 자기공명 영상진단,"심장, 심혈관 자기공명영상진단 (MRI) 급여기준","1. 심장, 심혈관 자기공명영상진단(MRI) 기본 및 특수 검사는 다음의 경우 요양급여함. - 다 음 - 가. 급여대상1) 심장 및 심혈관질환이 있거나, 이를 의심할만한 이상 증상으로 진료의가 임상적으로 타 진단방법 이후 2차적 시행의 필요성이 있다고 판단한 경우 2) 타 진단장비 이용이 불가하여 MRI 촬영이 불가피한 경우(사구체여과율 60ml/min 이하의 신장기능 저하 환자로 조영제 사용이 불가능한 환자, 임산부 등) 나. 급여횟수: 상기 가.의 급여대상에 해당하는 경우 1) 진단 시: 1회 2) 추적검사 가) 수술 후: 1회. 단, 악성종양은 필요시 1년 이내 추가 1회 나) 방사선치료(방사선수술 포함) 후: 1~3개월 경과 후 1회 다) 항암치료 중: 2-3주기(cycle) 간격 라) 허혈심장질환(I20~I25)의 무운동성 생존 심근에 대한 재관류 시술 후: 1회 마) CRT(Cardiac Resynchronization Therapy) 삽입술 후: 1회 바) 폐동맥고혈압으로 6~12개월 이상 약물 치료 후: 1회 사) 진행성 심부전 환자에서 비생존 심근 확장 등의 확인이 필요한 경우: 1회 3) 상기 나.1) 또는 나.2) 이후의 장기추적검사 가) 악성종양: 2회/년 2년간, 그 이후 1회/년 나) 심장이식 후: 1회/년 다) 폐동맥고혈압 약물치료 후 심장 기능 회복이 없는 경우: 1회/년 라) 적절한 약물치료 또는 수술(중재적시술 포함) 후 심장 기능 회복이 없는 경우: 1회/년 4) 상기 나.1)~3)에도 불구하고, 환자상태의 변화 또는새로운 병변 발생 등 진료상 추가촬영의 필요성이 있는 경우 추가 인정함. 5) 상기 나.1)~3)의 급여횟수 초과 시 「선별급여 지정 및 실시 등에 관한 기준」에 따라 본인 부담률을 80%로 적용함. 다. 「본인일부부담금 산정특례에 관한 기준」[별표4] 희귀질환자 산정특례 대상의 구분 2~5, [별표4의2] 중증난치질환자 산정특례 대상의 구분 5, [별표5] 시행령 별표2 제3호 가목 3)에 따른 결핵 질환의 적용 범위 중 진단받은 질환의 특성상 MRI 촬영이 임상적으로 의학적 필요성이 있는 경우 별도로 인정함. 라. 산정기준 1) 상기 가.~다.의 경우 영상진단료는 아래와 같이 표준영상을 획득하고, 판독의가 판독소견서를 작성·비치한 경우에 산정하며, 판독소견서 기재 범위는 아래와 같음. - 아 래 - 가) 표준영상의 범위 (1) 심장 (가) 1.5 테슬라 이상의 MRI 장비에서 촬영 (나) 맥동파 순서열(Pulse sequence): 3개 이상의 영화(cine) 영상을 포함하여 최소 5개 이상. 단, 영화(cine) 영상은 단축(short axis), 수평 장축(horizontal long axis, 4 chamber long axis, 4 chamber view)을 필수로 포함함. (다) 절편: 두께 10mm 이하 (라) 조영제 주입 후 촬영: 상기 (나)의 1개 이상의 영화 (cine) 영상과 동일 영상방향(axis or view)의 지연조영증강(delayed enhancement, late gadolinium enhancement) 영상을 포함하여최소 3개 이상을 획득함. (2) 심혈관: 심혈관영상(관상동맥 또는 관상정맥)을 위한 재구성 영상 (3) 단, 3차원 MRI 영상을 획득하여 다양한 평면 이나 절편 간격으로 재구성한 영상을 적용 하거나, 특별한 의학적 목적을 위한 경우에서 영상방향(axis or view) 또는 영상기법 등의 표준영상을 변경할 수 있음. 나) 판독소견서 기재범위 (1) 임상정보(병력, 검사실시 사유 등), 획득한 영상기법, 조영제 사용 여부 (2) 심장은 영화(cine)영상에서 심장 기능을 평가하고, 이상이 있는 경우 세부내용을 상세 기술함. 또한 조영제 주입 후 지연조영증강 영상에서 지연조영증강 또는 심근 생존능을 평가하고, 이상이 있는 경우 세부내용을 상세 기술함. 심혈관은 관상동맥 또는 관상 정맥(coronary artery or vein)의 주요 이상 소견(협착, 폐색, 동맥류 등) 여부를 포함하되, 이상이 있는 경우 세부내용을 상세 기술함. 2) 상기 라.1) 이외 별도로 규정하지 않은 산정기준은 「방사선 영상진단의 판독료 산정기준」에 의함. 2. 상기 1.에 해당하지 않은 경우 비급여하되, 이때 담당 진료의가 충분히 설명하고 환자가 동의서에 서명하여야 함. (고시 제2019-229호, ’19.11.1. 시행)"
다246 자기공명 영상진단,경도인지장애의 자기공명영상진단 (MRI) 급여기준,"1. 경도인지장애의 자기공명영상진단(MRI)은 치매로 이행될 가능성이 높은 고위험군 선별 및 경과관찰을 위해 실시하며 다음의 경우에 급여대상으로 함. - 다 음 -가. 급여대상 1) 적응증: 신경인지기능검사 결과 1가지이상 영역 에서 1.5SD(표준편차) 이하 인지기능 저하가 확인된 경우 ※ 신경인지기능검사는 ｢신경인지기능검사의 급여기준｣에 의거 종합검사를 시행하는 것을 원칙으로 함 2) 연령기준: 만60세 이상 나. 인정횟수: 상기 가.1), 2) 조건을 모두 충족하는 경우 1) 진단 시 1회 2) 급격한 인지기능 변화 등 진료상 추가 촬영의 필요성이 있는 경우 2. 아래의 경우에는 국민건강보험법 시행규칙 별표6에 따라 본인부담률 100분의 80으로 적용함. 가. 상기 1.나.2) 이외 진단일 이후 경과관찰을 위해 촬영하는 경우(최대 2년에 1회) 나. 상기 1.의 적응증은 충족하나 연령기준을 충족하지 않을 경우 1.나.인정횟수 또는 2.가.경과관찰을 위해 촬영 시 다. 상기 가., 나.의 MRI 촬영 시 사용된 조영제, 방 사선 필름, 영상저장 및 전송시스템(Full PACS) 이용 비용 등의 본인부담률은 ｢국민건강보험법 시행령｣ 제19조 및 해당 항목별 ｢요양급여의 적용 기준 및 방법에 관한 세부사항｣에 따라 적용함 3. 다만, 상기 1. 또는 2.에 해당되지 아니한 경우에는 비급여 대상임. (고시 제2017-263호, ’18.1.1. 시행)"
다329 단일광자 전산화 단층촬영,다329가 뇌 단일광자전산화단 층촬영(Brain SPECT) 인정기준,"다329가 뇌 단일광자전산화단층촬영(Brain SPECT) 검사의 인정횟수는 다음과 같이 함. - 다 음 - 가. 인정횟수: 총 3회 이내 수술 또는 치료 전 1회, 수술 또는 치료 후 1회, 추적검사 1회 나. 추가 실시한 경우 소견서 첨부 시 사례별로 인정함. (고시 제2023-56호, ’23.3.29. 시행)"
다329 단일광자 전산화 단층촬영,"심장 이외의 수술 전 시행한 다329나(1),(3) 심근 단일광자 전산화단층촬영의 급여기준","심장 이외의 수술 전 시행한 다329나(1) 단일광자 전산화단층촬영 SPECT-심근 단일광자전산화단층 촬영-안정상태, 다329나(3) 단일광자전산화단층 촬영 SPECT-심근 단일광자전산화단층촬영- 약물부하는 운동능력 평가가 어려운 환자*1)로서 심장상태 파악이 필요한 다음과 같은 환자에게 실시한 경우 요양급여를 인정함. - 다 음 - 가. 심혈관 위험인자*2)가 1개 이상인 환자가 심장 손상이 예상될 수 있는 중간위험 이상의 수술*3)을 하는 경우나. 심혈관 위험인자가 3개 이상인 경우 ※ 참고 *1) 운동능력 평가가 어려운 환자(1METs~4METs): 혼자식사, 화장실 가기, 의복 입고 벗기, 집 근처 보행정도만 가능한 상태 *2) 심혈관 위험인자: 허혈성 심질환(협심증, 이전의 심근경색), 심부전, 뇌졸중 또는 일과성 허혈발작, 신부전, 인슐린 요법이 필요한 당뇨병 *3) 수술 위험성: 중간위험 이상의 수술(고시 제2023-102호, ’23.6.1. 시행)"
다245 일반 전산화단층 영상진단,뇌혈관질환에 시행하는 Perfusion CT의 인정기준,"Perfusion CT는 조영제를 급속주입 후 연속 적인 역동적 스캔(dynamic scan)으로 얻어진 영상을 별도의 work station에서 후처리를 통하여 혈역학적 파라미터(parameter map)를 만들어 조직의 관류 상태를 평가하는 검사이며, 급성 허혈성 뇌졸중은 치료의 시작 시점이 환자의 예후에 결정적인 영향을 미치는 질환으로, 3시간 또는 6시간 이내에 허혈 중심부(ischemic core) 및 허혈성 반영부(pneumbra)를 확인하여 혈전용해 (thrombolysis) 등의 적절한 치료방침을 결정해야 하는 점을 감안하여, Perfusion CT는 급성 허혈성 뇌졸중이 의심되어 증상 발현 후 6시간 이내에 촬영한 경우에 인정 하는 것을 원칙으로 함. (공고 제2019-429호, 2011.3.1. 진료분부터 적용)"
다245 일반 전산화단층 영상진단,다245 일반 전산화 단층영상진단(CT) -3차원 CT의 인정기준,"1. 「다245 일반 전산화단층영상진단(CT)의 급여기준」의 3차원 CT는 다음과 같은 경우 인정함. - 다 음 - 가. 일반기준 1) 골절(외상 포함) 가) 복합골절 또는 관절강내 골절나) skull, craniofacial bone, rib, pelvis, femur, vertebra에 발생한 골절 나. 안면 및 두개기저(Face or Skull Base) 1) 안면부, 측두골의 선천성 기형 2) 두개기저(Skull Base) 수술 전 다. 경부(Neck) 1) 기도폐쇄의 원인진단 및 범위 결정 라. 흉부(Chest) 1) 선천성 질환에 의한 기관 및 기관지 이상(anomaly) 확인 2) 폐분리증(pulmonary sequestration) 3) 선천성 횡격막성 질환(diaphragmatic morphology and pathophysiology) (소아) 마. 복부[골반포함] (Abdomen) 1) 식도폐쇄증(esophageal atresia)(소아) 2) 항문직장기형(anorectal malformation) (소아) 3) nutcracker 증후군(소아) 4) 수술 전 liver segmentation 5) 간담도 또는 췌관의 확장 6) 수술이 필요한 위암, 대장암 7) 수술이 필요한 신장암, 신배암, 신우암, 요관암 8) 요로계 선천이상, 정류고환 바. 상지 및 하지(Upper or Lower Extremity) 1) 고관절 인공관절 전치환술 수술 전 2) 견관절 인공관절 수술 전 관절와의 형태 및 골결손 정도 평가 3) 대퇴비구 충돌증후군(Femoroacetabular impingement syndrome, FAI) 수술 전 평가사. 척추(Spine) 1) 선천성 척추측만 및 전만 또는 후만증 2) 신경학적 증상이 동반된 척추측만 및 전만 또는 후만 변형의 경우 2. 이상의 경우 외에도 의사소견서를 참조 하여 필요성이 인정될 경우 검토하여 공개 후 인정함. (공고 제2020-20호, 2020.2.1. 진료분부터 적용)"
바22 경막외신경 차단술,선택적 경추간공 경막외 조영술/신경차단술 (Selective Transforaminal Epidurography /Block) 또는 경추간공 경막외주사 /신경차단술 (Transforaminal Epidural Injection/Block)시 영상자료의 세부적용기준,"선택적 경추간공 경막외조영술/신경차단술 (Selective Transforaminal Epidurography /Block) 또는 경추간공 경막외주사/신경차단술 (Transforaminal Epidural Injection /Block)시에는 영상자료에서 다음 소견이 확인되어야 함. - 다 음 - 가. 주사바늘 끝(Needle tip)은 정면 상에서 추간공 안쪽에, 측면 상에서 전경막외강(anterior epidural space)에 위치해야 함. 나. 조영제는 정면 상에서 시술부위(level) 주위의 경막외강에, 측면 상에서 전경막외강(anterior epidural space)내에 퍼짐이 확인되어야 함. 다. 상기 가 또는 나의 조건을 충족하기 어려운 경우는 그 사유를 기재 시에 사례별로 인정함. (공고 제2019-429호, 2013.9.1. 진료분부터 적용)"
"자34 두개골성형술, 차97 악골내고정용 금속제거술",두개골 신장을 위해 MID System Distractor Frame을 사용시 수가산정방법,"두개골조기유합증 상병에 두개골 신장을 위해 상악골 신장술용 재료 MID System Distractor Frame을 사용시 수가산정방법은 다음과 같이 함. - 다 음 - 가. 삽입료 : 자34-다(2) 두개골성형술-두개골 조기봉합교정술(복잡)로 산정함. 나. 제거료 : 차97-나 악골내고정용 금속제거술- 소형금속판의 제거로 산정하고, 1개를 초과 하는 frame 개수마다 동 수가의 50%를 추가 산정하되, 총 200% 범위 내에서 산정함. (공고 제2019-429호, 2011.3.1. 진료분부터 적용)"
자60-2 체내 고정용 금속제거술,동일 피부 절개 하에 주된 수술과 동시에 시행한 자60-2 체내고정용금속제거술의 인정여부,"「건강보험 행위 급여·비급여 목록표 및 급여 상대가치점수」제1편 제2부 제9장 처치 및 수술료 등 산정지침 (5)에 의거 주된 수술과 동시에 시행한 자60-2 체내고정용금속제거술 중 골에 삽입한 금속핀이나 금속정 등을 간단히 제거한 경우는 주된 수술의 일련의 과정으로 별도 산정하지 아니함 (공고 제2021-124호, 2021.5.1. 진료분부터 적용)"
자659 경피적풍선 혈관성형술,동정맥루의 협착에 자659 경피적 풍선혈관성형술(PTA)시 동시 실시한 측부 정맥(Collateral vein) 코일색전술 수가 산정방법,"혈액투석을 위해 설치된 동정맥루의 협착으로 main flow가 감소된 경우에 자659 경피적 풍선 혈관성형술(PTA)과 측부 정맥(Collateral vein) 코일색전술동시 실시한 경우「건강보험 행위 급 여·비급여 목록표 및 급여 상대가치점수」 제1편 제2부 제9장 처치 및 수술료 등 [산정지침](5)항 에 의거, 풍선혈관성형술(PTA) 소정점수를 산정 하며, 측부 정맥(Collateral vein) 코일색전술은 자659 경피적 풍선혈관성형술(PTA)시 부수적인시술로 별도 인정하지 않음 다만, 측부 정맥(Collateral vein) 코일색전술시 사용한 치료재료대는 별도 산정 가능함. (공고 제2020-340호, 2021.1.1. 진료분부터 적용)"
누260 지질 [화학반응- 장비측정],트리글리세라이드 검사의 급여기준,"1. 누260다 지질[화학반응-장비측정]-트리글리세라이드와 누260마 지질[화학반응-장비측정]-트리글리세라이드 (간이검사) (‘주’항 포함)는 동일 목적의 검사이므로 같은 날 중복 산정은 인정하지 아니함 2. 누260마 ‘주’항은 진단이나 치료 여부 결정목적이 아닌 추적관찰목적으로 시행하는 경우에 요양급여를 인정함 (고시 제2018-193호, ’18.10.1. 시행)"
누261 콜레스테롤,총콜레스테롤 검사의 급여기준,"1. 누261가(1) 콜레스테롤-총콜레스테롤-[화학 반응-장비측정]과 누261가(2) 콜레스테롤- 총콜레스테롤-[화학반응-장비측정](간이검사) (‘주’항 포함)는 동일 목적의 검사이므로 같은 날 중복 산정은 인정하지 아니함 2. 누261가(2) ‘주’항은 진단이나 치료 여부 결정 목적이 아닌 추적관찰목적으로 시행하는 경우에 요양급여를 인정함 (고시 제2018-193호, ’18.10.1. 시행)"
누261 콜레스테롤,HDL콜레스테롤 검사의 급여기준,"1. 누261다(1) 콜레스테롤-HDL콜레스테롤-[화학 반응-장비측정]과 누261다(2) 콜레스테롤-HDL 콜레스테롤-[화학반응-장비측정](간이검사) (‘주’항 포함)는 동일 목적의 검사이므로 같은 날 중복 산정은 인정하지 아니함 2. 누261다(2) ‘주’항은 진단이나 치료 여부 결정 목적이 아닌 추적관찰목적으로 시행하는 경우에 요양급여를 인정함 (고시 제2018-193호, ’18.10.1. 시행)"
"누581나 일반배양- 배양 및 동정, 누601가 특수배양- 항산균배양 및 동정(배지별) 누581마 일반배양- 배양, 동정 및 약제감수성",BACTEC 신속 검사법을 이용한 미생물배양검사의 수가 산정방법,"BACTEC 신속 검사법으로 미생물 배양검사를 실시한 경우에도 검사료는 누581나 일반배양-배양 및 동정 혹은 누601가 특수배양-항산균 배양 및 동정(배지별) 검사 또는 누581마 일반배양-배양, 동정 및 약제감수성 검사의 소정점수를 산정함. (고시 제2017-265호, ’18.1.1. 시행)"
누589 등 Helicobacter Pylori검사,Helicobacter Pylori 균주검사의 급여기준,"1. 헬리코박터필로리(Helicobacter Pylori) 검사는 다음과 같은 경우에 요양급여를 인정하며, 동 검사를 위해 시행 하는 생검료(내시경 하 생검료), 생검 시 사용되는 치료 재료는 별도 산정함.- 다 음 - 가. 내시경 등으로 위 및 십이지장의 소화성궤양(반흔기 포함), 저등급 MALT 림프종(low grade gastric mucosa associated lymphoid tissue lymphoma)이 확인된 환자 나. 조기위암절제술 시행 환자 다. 특발성 혈소판감소성 자반(증) (Idiopathic Thrombocytopenic Purpura, ITP) 환자 2. 위암 가족력[부모, 형제, 자매 (First degree)]에서 시행한 경우 「선별급여 지정 및 실시 등에 관한 기준」에 따라 본인부담률을 50%로 적용함(동 검사를 단독으로 시행하는 경우 생검료, 생검 시 사용되는 치료재료는 본인 부담률 50%로 적용) 3. 상기 1, 2. 이외에 시행하는 경우에는 「선별급여 지정 및 실시 등에 관한 기준」에 따라 본인부담률을 90%로 적용함(동 검사를 단독으로 시행하는 경우 생검료, 생검 시 사용되는 치료재료는 본인부담률 90%로 적용) 4. 상기 1~3.에도 불구하고 「요양급여 적용기준 및 방법에 관한 세부사항」에서 세부인정사항을 별도로 정한 항목은 해당 고시에서 정한 기준을 적용함. (고시 제2022-204호, ’22.9.1. 시행)"
누589 Helicobacter Pylori 검사,소아에게 실시한 누589다 Helicobacter Pylori검사- 대변항원의 급여기준,"내시경검사를 실시하기 전 또는 내시경검사를 할 수 없는 경우에 시행하는 Helicobacter Pylori검사-대변항원은 다음과 같은 경우에 H. pylori 감염 유무 진단 및 H. pylori 치료 4~8주 후 박멸 유무를 알아보기 위해 시행시 인정함 - 다 음 -가. 지속적 또는 심한 상복부 증상이 있는 경우 나. 다른 원인을 찾을 수 없는 refractory iron deficiency anemia가 의심되는 경우 (고시 제2018-242호, ’18.12.1. 시행)"
일반사항,보건기관에서 CT촬영시 방문당 수가 포함 여부,"현행 건강보험 행위 급여․비급여 목록표 및 급여 상대 가치점수에 의한 보건기관의 진료수가는 환자의 성별․ 연령․특성, 질병의 종류, 합병증의 유무, 진료소요시간 등에 관계없이 방문당 수가로 적용하며, 1회 방문당 수가에는 초․재진 불문하고 진찰, 처방, 각종 검사, 처치․수술 등의 비용이 포함되어 있으므로 CT장비를 갖춘 보건기관에서 내원한 환자에게 CT촬영을 행한 경우에도 방문당 수가에 포함되는 것임. (고시 제2007-139호, ’08.1.1. 시행)"
치료재료에 관한 급여기준,T-connector의 별도산정 여부,"T-connector는 필요에 따라 선택적으로 수액세트에 연결하여 사용하는 재료로 소정 행위료에 포함되어 별도 산정할 수 없음. (고시 제2019-207호, ’19.10.1. 시행)"
치료재료에 관한 급여기준,마105 조혈모세포이식 시 사용하는 CD34+ Collection Kit의 급여기준,"1. 자가조혈모세포이식 시 사용하는 CD34+Collection Kit는 종양 세포의 수를 줄여 이식 후 재발 가능성을 낮추는 장점이 있음. 2. 또한, 동종말초혈액 조혈모세포이식 시 사용하는 CD34+ Collection Kit는 이식 전 수혈경험이 많은 환자나 이식 전 금기사항인 가족 내 수혈을 받은 환자가 말초조혈모세포 이식을 시행할 경우 대부분 T-cell과 같은 면역세포에 의하여 이식편대숙주질환(GVHD)이 발생되므로, 이 경우 CD34+Collection Kit를 사용하여 T-cell이 제거된 CD34양성세포만을 선택이식 함으로써 GVHD 발생위험 및 이식거부반응을 줄일 수 있는 장점이 있음. 3. 따라서, CD34+ Collection Kit는 자가조혈모세포이식 및 동종말초혈액 조혈모세포이식 시 인정하되, 동종말초혈액 조혈모세포이식의 경우 다음과 같은 경험이 있는 중증재생불량성 빈혈환자에게 골수와 말초혈액(mega dose transplantation)을 함께 이식 시 요양급여를 인정함. - 다 음 - 가. 이식 전 40unit 이상 수혈경험이 있는 경우 나. 이식 전 가족 내 수혈경험이 있는 경우 (고시 제2018-281호, ’19.1.1. 시행)"
치료재료에 관한 급여기준,일회용흡인용기 (Receptal Disposable Suction Bottle)의 별도 산정여부,"일회용 흡인용기(Receptal Disposable Suction Bottle)의 흡입 Pack 제품은 일회용으로서 간편하고 감염의 우려가 있는 환자의 분비물을 위생적으로 처리하는데 효과적이라 하겠으나 의료 및 위생용품의 1회용 사용범위를 확대함으로써 불요불급한 재료대 비용지출로 경제성을 고려하여야 할 진료비 상승 억제에 상치될 뿐만 아니라 유리병을 소독하여 재사용할 수 있음을 감안할 때 동 Pack에 대한 재료대를 별도로 산정할 수 없음. (고시 제2000-73호, ’01.1.1. 시행)"
치료재료에 관한 급여기준,"“ARGON BEAM COAGULATION 6500 SYSTEM (Handpiece 등 4품목)"" 및 전기 수술용전극 “COBRA ELECTRO SURGICALPROBE”의 별도산정여부","“ARGON BEAM COAGULATION 6500 SYSTEM (Handpiece 등 4품목)”은 전기수술기에 부착하여 사용하며 “COBRA ELECTROSURGICAL PROBE”는 전기수술용 전극으로 외과수술시에 사용하는 재료로 소정 행위점수에 포함되어 별도 산정할 수 없음. (고시 제2006-38호, ’06.6.1. 시행)"
치료재료에 관한 급여기준,"관절경하 수술용 지혈·소작기(VAPR Electrode, Arthrowand 등)의 별도 산정여부","관절경하 수술용 지혈ㆍ소작기(VAPR Electrode, Arthrowand 등)는 관절경하 수술시 산정하는 치료재료비용 320,000원(코드 N0031003)에 포함됨. (고시 제2006-38호, ’06.6.1. 시행)"
치료재료에 관한 급여기준,“CTR Blade Assembly”의 요양급여 대상여부,"“CTR Blade Assembly”는 관절경하 수근관확장술시 사용하는 재료로 소정 행위료에 포함되어 별도 산정할 수 없음. (고시 제2002-80호, ’03.1.1. 시행)"
치료재료에 관한 급여기준,사117 운동점차단술용 Needle Electrode의 급여기준,"1. 사117 운동점차단술(Motor Point Block)용 Needle Electrode는 이상 근육의 위치 확인 후 치료약물을 주입할 때 사용하는 치료재료로 여러 근육에 수 회 실시하더라도 1일 1개 요양 급여를 인정함. 다만, 상지 및 하지 근육을 동시에 시술하는 경우 1개를 추가 인정함. 2. 상기 1.의 인정개수를 초과하여 사용한 경우에는 ｢선별급여 지정 및 실시 등에 관한 기준｣에 따라 본인부담률을 90%로 적용함. (고시 제2018-281호, ’19.1.1. 시행)"
치료재료에 관한 급여기준,Needleless Connector 급여기준,"Needleless Connector는 IV Line 등의 투약 경로를 확보한 상태에서 환자에게 치료 약물 등을 주입하고자 할 때 사용 하는 needleless syringe와 연결하여 사용하는 connector로, 중심정맥내 카테터를 유치한 경우 72시간마다 1개를 인정한다. (고시 제2017-198호, ’17.11.1. 시행)"
치료재료에 관한 급여기준,"누581마 일반배양-배양, 동정 및 약제감수성 시 사용된 Brush Protected Catheter 별도 산정여부","Brush Protected Catheter가 중증폐렴의 원인균 검사를 위하여는 보다 좋은 진료재료이기는 하나 누581마 일반배양- 배양, 동정 및 약제감수성은 검체 채취부위별 난이도 및 소모품 등을 감안하여 정한 것인바, 동 재료는 구강, 기도, 호흡기검체 소정 검사료에 포함되므로 별도 산정할 수 없음. (고시 제2017-265호, ’18.1.1. 시행)"
치료재료에 관한 급여기준,1회용 URINE COLLECTION BAG 급여기준,"1회용 URINE COLLECTION BAG은 소변을 검체로 하는 검사 등에서 소변을 채집하기 위해 사용하는 치료재료로, 신생아 또는 신생아중환자실 환아에게 사용한 경우 실사용량을 요양급여로 인정함. (고시 제2019-193호, ’19.9.1. 시행)"
치료재료에 관한 급여기준,"흡수성재질의 두 개·안면골 고정재료 (Micro Plate & Screw, Mini Plate & Screw, Reconstruction Plate & Screw)의 급여기준","1. 흡수성재질의 두개·안면골 고정재료는 골 고정을 위해 사용 되며, 골 고정 후 일정기간 경과 시 완전 흡수가 되므로 골 성장장애 감소, 두개강내 이동성 감소 등의 장점을 감안 하여 다음의 경우에 요양급여함. - 다 음 - 가. Hair Line 이하 안면골절 및 변형: 만12세 이하 나. 두개골 고정 및 성형술: 만7세 이하 2. 상기 1.의 급여대상 이외 아래의 경우에 사용한 치료재료 비용은 ｢선별급여 지정 및 실시 등에 관한 기준｣에 따라 본인부담률을 80%로 적용함. - 아 래 - 가. Hair Line 이하 안면골절 및 변형: 만12세 초과 나. 두개골 고정 및 성형술: 만7세 초과에서 만12세 이하 (고시 제2018-254호, ’19.1.1. 시행)"
치료재료에 관한 급여기준,두개골 조기유합증 교정을 위하여 사용되는 Distractor System(Marshac-Arnaud Cranial Monobloc Distration System 등) 급여기준,"1. 두개골의 신장 및 전진을 통하여 두개골조기유합증을 교정하기 위해 사용하는 Distractor System(Marchac- arnaud Cranial Monobloc Distration System 등)은 봉합 부위 및 횟수 불문하고 수술 당 4개 범위 내에서실사용량으로 인정함. 다만, MID system의 경우 수술 당 frame은 최대 4개, screw는 frame당 최대 12개(connecting screw 포함) 범위 내에서 실사용량으로 인정함. 2. 상기 1.의 인정개수를 초과하여 사용한 경우에는 ｢선별 급여 지정 및 실시 등에 관한 기준｣에 따라 본인부담률을 90%로 적용함. (고시 제2018-3호, ’18.4.1. 시행)"
치료재료에 관한 급여기준,Proximal 또는 Reconstruction nail set의 급여기준,"Proximal 또는 Reconstruction nail set는 대퇴골 골절에 골수내로 직접 삽입하는 치료재료로, 다음의 경우에 인정함. - 다 음 - 가. Proximal nail set: Compression Hip Screw로는 고정이 어려운 대퇴경부골절(Femur Neck Fx)이나 대퇴전자부 골절(Femur Trochanteric Fx) 나. Reconstruction nail set: 대퇴 경부골절(Femur Neck Fx)과 대퇴간부골절(Femur Shaft Fx)이 Combine된 경우 (고시 제2017-91호, ’17.6.1. 시행)"
치료재료에 관한 급여기준,골절환자 견인술(Traction) 시행시 사용하는 소모성 재료대의 별도 산정여부,"골절환자 견인술(Traction) 시행시 사용하는 K-wire, Steinman pin은 별도 산정할 수 있으나 holder (K-wire holder, Steinman pin)는 병원준비물이므로 별도 산정할 수 없음. (고시 제2000-73호, ’01.1.1. 시행)"
치료재료에 관한 급여기준,Defibrillation Electrode 인정기준,"‘DEFIBRILLATION ELECTRODE’는 빈맥성 부정맥, 심정지 등 심박조율이 필요하거나 심폐소생술 중 제세동이 필요한 환자에게 Electrode Patch를 피부에 부착한 후 전기적 자극을 가하여 경피적으로 심박조율 또는 제세동을 시행하는 재료로서, 다음과 같은 경우에 별도 산정함. - 다 음 - 가. 경피적 인공심박동술 나. 임상전기생리학적검사 다. 관혈적 심장수술 라. 심폐소생술 중 실시한 제세동술 (고시 제2023-24호, ’23.2.1. 시행)"
치료재료에 관한 급여기준,복강경하 수술용 조직세절기 (Gynecare X-Tract Laparoscopic Morcellator 등)의 별도 산정여부,"복강경하 수술용 조직세절기(Gynecare X-Tract aparoscopic Morcellator 등)는 복강경하 수술시 산정하는 치료재료 비용 239,000원(코드 N0031001)에 포함됨. (고시 제2006-38호, ’06.6.1. 시행)"
치료재료에 관한 급여기준,인공요도괄약근 AMS Sphincter 급여기준,"인공요도괄약근 AMS Sphincter는 원래의 요도형태를 손상 시키지 않고 자기 요도로 배출시켜 요저장-요배출을 유지해 주는 요실금 치료재료이며 요역동학검사로 요실금이 확인되는 다음의 경우에 요양급여를 인정함. - 다 음 - 가. 적응증 1) 전립선적출술(경요도적 전립선 절제술 포함) 후발생한 요실금 2) 신경인성방광으로 인해 발생한 요실금 3) 인공방광대치술 이후 발생한 요실금 4) Sling 삽입 수술이 불가능하거나 요도괄약근의 기능이 완전히 소실된 여성 요실금 나. 상기 적응증을 초과하여 사용한 치료재료 비용은「선별급여 지정 및 실시 등에 관한 기준」에 따라 본인부담률을 80%로 적용함. (고시 제2020-279호, ’21.1.1. 시행)"
치료재료에 관한 급여기준,"""3-Function tissue manipulator"", ""Illuminated Infusion Cannula""의 별도산정 여부","“3-Function tissue manipulator” 및 “Illuminated infusion cannula”는 망막수술 장비(Supravit Vitreoretinal System)와 연결하여 조명, 응고, 흡인, 주입의 기능을 하는 재료로 소정 행위점수에 포함되어 별도 산정할 수 없음. (고시 제2019-289호, ’20.1.1. 시행)"
치료재료에 관한 급여기준,고주파 열치료술용 전극(Electrode)의 급여기준,"1. 고주파 열치료술용 전극은 고주파 에너지를 사용하여 조직의 절개 및 응고를 위해 사용하는 전기수술기용 전극으로 다음의 경우에 요양급여를 인정함. - 다 음 - 가. 간암의 고주파 열치료술 (자690가, 자728가(1), 자728나(1)) 나. 신장암의 고주파 열치료술 (자690나, 자330-3가(1), 자330-3나(1)) 다. 폐암의 고주파 열치료술 (자690다) 라. 갑상선암의 고주파 열치료술 (자690라) 마. 부신종양의 고주파 열치료술 (자690마)2. 상기 1.라.의 갑상선암의 경피적 고주파 열치료술에 「선별급여 지정 및 실시 등에 관한 기준」에 따라 본인부담률 80%가 적용되는 경우 동 치료재료도 같은 본인부담률을 산정함. (고시 제2020-68호, ’20.4.1. 시행)"
치료재료에 관한 급여기준,WATERJET DISSECTION 기구 급여기준(치료재료),"WATERJET APPLICATOR는 WATERJET 수술기와 함께 사용하며, 조직의 파쇄, 체액의 흡인, 관주에 사용하는 치료재료로 다음의 경우에 요양급여 하되, CUSA TIP과 병용사용은 인정하지 아니함. - 다 음 - 가. 급여범위 1) 간절제술(자722) 2) 신부분절제술(자329) 나. 급여개수: 수술 당 1개 (고시 제2019-97호, ’19.6.1. 시행)"
치료재료에 관한 급여기준,뇌전증 진단용 SEEG Electrode 등의 급여기준,"약물치료에 불응하는 난치성 뇌전증 환자에게 사용하는 SEEG Electrode 및 Cable, Anchor, Guiding Stylet은 다음과 같은 경우에 요양급여를 인정함. - 다 음 - 가. 급여대상 - 자473가(1)(다) 뇌전증수술-진단을 위한 전극삽입 및 제거-전극삽입술-입체뇌파전극삽입 나. 급여개수 - 상기 수술시 SEEG Electrode 및 Cable, Anchor는 실사용량으로 인정하며, Guiding Stylet은 수술 당 1회 인정함. 단, Cortical Electrode, Foramen ovale Electrode 및 Depth Electrode와 병용하여 사용할 수 없음. 다. Cable 산정방법 - 실구입가의 1/4 산정함. (고시 제2022-248호, ’22.11.1. 시행)"
치료재료에 관한 급여기준,TYRX ABSORBABLE ANTIBACTERIAL ENVELOPE의 급여기준,"인체이식형 의료기기(심장박동기, 심장충격기 등)의 이식 시 감염을 감소시키기 위한 목적으로 사용하는 TYRX ABSORBABLE ANTIBACTERIAL ENVELOPE는 다음과 같은 경우에 요양급여를 인정하며, 「선별급여 지정 및 실시 등에 관한 기준」에 따라 본인부담률을 50%로 적용함. - 다 음 - 가. 적응증 1) CRT-D 거치술 2) 면역억제상태의 환자, 말기신부전으로 투석을 받은 환자, 이전에 감염 병력이 있어 감염발생의 위험이 높다고 판단되는 환자가 이식형 심장 전기장치(Cardiac Implantable Electronic Device, CIED)를 이식 받는 경우 3) 이식형 심장 전기장치(Cardiac Implantable Electronic Device, CIED)를 교체, 업그레이드, 전극선 재배치, 전극선 제거 등으로 포켓(pocket)을 다시 열어야 하는 경우나. 금기증 1) 테트라사이클린, 리팜핀 또는 흡수성 봉합사에 알레르기가 있거나 알레르기 경력이 있는 환자 2) 미노사이클린이 상태를 악화시킬 수 있다고 보고된 전신홍반루푸스(SLE) 환자 3) 감염되거나 오염된 상처 부위 4) 소아 환자 다. 급여개수: 시술 당 1개 (고시 제2023-83호, ’23.5.1. 시행)"
치료재료에 관한 급여기준,GDC(Guglielmi detachable coil) 코일 분리시 사용되는 GDC Connecting Cable의 급여기준,"GDC(Guglielmi detachable coil) 코일 분리 시 전기를 코일로 전달하는 연결케이블인 다음의 재료는 별도 산정할 수 없음. - 다 음 - 가. GDC Red Connecting Cable : GDC Power Supply와 GDC Delivery Wire를 연결 나. GDC Black Connecting Cable: GDC Power Supply와 Patient Return Electrode를 연결 (고시 제2017-263호, ’18.1.1. 시행)"
치료재료에 관한 급여기준,"기계적 혈전제거술용 치료재료 (회수성 Stent, 흡인성 Catheter) 급여기준","1. 두개내 대형혈관의 기계적 혈전제거술용 치료재료 (회수성 Stent, 흡인성 Catheter)는 다음의 경우에 요양급여를 인정함. - 다 음 - 가. 회수성 Stent 1) 급여대상 가) 두개내 대형 혈관(두개강외 경부혈관 포함)*의 폐색질병으로 인한 급성 허혈 뇌졸중으로, (1) 증상발생 8시간 이내의 환자 (2) 증상발생 3시간 이내의 환자는 정맥내 혈전용해술이 실패하거나 이에 대한 금기증에 해당되는 환자 * 가. 회수성 Stent의 2) 혈관범위 가) 내경동맥 부터 바) 후대뇌동맥 까지 모두 해당됨 나) 두개내 내경동맥 또는 중대뇌동맥의 폐색 질병으로 인한 급성 허헐 뇌졸중에서, 증상발생 8시간에서 24시간 이내의 환자는 영상검사 결과 뇌경색의 크기가 한쪽 뇌반구의 1/5 이하이면서 아래 조건 중 한 가지를 만족하는 경우 (1) 초기 신경학적 결손이 NHISS 점수 6점 이상 ~ 10점 미만이면서, 뇌관류영상에서 관류-뇌경색 불일치의 비율이 1.8이상 또는 불일치의 부피가 15ml 이상 (2) 초기 신경학적 결손이 NHISS 점수 10점 이상 ※ “영상검사 결과 뇌경색의 크기가 한쪽 뇌반구의 1/5 이하“는 다음과 같음 - 다 음 - 1. 확산강조 MRI 에서 100ml 이하 2. 확산강조 MRI 에서 MR-ASPECTS 6점 이상 3. 비조영 뇌CT 에서 CT-ASPECTS 6점 이상 2) 혈관 인정범위 가) 내경동맥(internal carotid artery) 나) 중대뇌동맥(middle cerebral artery)의 첫 번째(MCA M1 segment)와 두 번째 부위(MCA M2 segment) 다) 기저동맥(basilar artery) 라) 척추동맥(vertebral artery) 마) 전대뇌동맥(anterior cerebral artery) 바) 후대뇌동맥(posterior cerebral artery) 나. 흡인성 Catheter 1) 급여대상가. 회수성 Stent의 1) 급여대상 가)와 동일 2) 혈관 인정범위 가. 회수성 Stent의 2) 혈관 인정범위 가)~라)와 동일 다. 급여개수 재료 종류에 관계없이 1개 인정하는 것을 원칙으로 하되, 혈관폐색 부위의 개통 실패 사유가 영상자료에서 확인된 경우 1개를 추가 인정함. 2. 상기 1항의 급여대상에도 불구하고 아래의 경우는 요양급여 대상에서 제외함. - 아 래 - 가. Non-contrast CT상 중대뇌동맥 영역 1/3이상을 침범한 뇌경색 나. 심한 뇌부종 다. 뇌출혈 (고시 제2019-131호, ’19.8.1. 시행)"
치료재료에 관한 급여기준,"Cardiac Catheterization시 Rotating Adaptor, High Pressure Angiography Connector 별도 산정여부","Cardiac Catheterization시 Rotating Adaptor, High Pressure Angiography Connector는 별도 산정할 수 없음. (고시 제2000-73호, ’01.1.1. 시행)"
치료재료에 관한 급여기준,Super selection용 Catheter 및 Guide Wire의 급여기준,"Super selection용 Catheter와 Guide Wire는 중재적 방사선 시술시 대동맥에서 3차 이상의 가는 혈관을 초선택하는 경우, 두경부의 혈관을 초선택하는 경우, 종양으로 인하여 혈관의 해부학적 변이가 있는 경우 및 Bronchial artery, Intercostal artery, Lumbar artery, Spinal artery, Phrenic artery, Adrenal artery에 별도 산정할 수 있음. (고시 제2008-110호, ’08.10.1. 시행)"
치료재료에 관한 급여기준,경피적 풍선혈관성형술 (기타혈관) 시사용하는 말초혈관(대퇴슬와동맥) 약물방출 PTA BALLOON CATHETER의 급여기준,"1. 경피적 풍선혈관성형술(기타혈관) 시 사용하는 말초혈관 (대퇴슬와동맥) 약물방출 PTA BALLOON CATHETER는 다음의 경우에 요양급여를 인정함.- 다 음 - 가. 급여대상 1) 혈관 내경의 70% 이상 협착 2) 스텐트 내 50% 이상의 재협착(In-Stent Restenosis, ISR) 나. 급여개수 1) 표재성 대퇴동맥(Superficial Femoral Artery, SFA): 편측 당 3개 2) 슬와동맥(Popliteal Artery): 편측 당 1개 다. 급여제외 대상(금기사항) 1) 동일 위치에 1개를 초과하여 사용한 경우 2) 편측(동일 병소)에서 약물방출풍선카테터와 약물 방출스텐트의 병용사용 2. 다만, 동 치료재료를 사용한 경피적풍선혈관성형술(기타 혈관) 후 탄성재수축현상(Recoiling Phenomenon)으로 50% 이상의 잔여협착이 있거나 혈관박리로 혈류장애가 생 긴 경우에 필요 시 일반스텐트 1개를 요양급여함. 3. 상기 2.의 일반스텐트 급여개수를 초과하여 사용한 경우에는 「선별급여 지정 및 실시 등에 관한 기준」에 따라 본인 부담률을 80%로 적용함. (고시 제2021-292호, ’21.12.1. 시행)"
치료재료에 관한 급여기준,Y-connector 급여기준,"1. Y-connector는 가이드카테터 등에 기구 삽입 또는 제거 시 지혈유지, 색전(Embolism) 방지를 위해 사용되는 혈관접속용 치료재료로, 다음의 경우에 사용 시 요양급여를 인정함. - 다 음 - 가. 경피적 혈관중재술 나. 혈관조영촬영 등 혈관 내로 카테터를 삽입하여 시행하는 진단적 검사 다. 상기 가., 나. 이외 비혈관계 시술에서 의학적 필요성이 인정되는 경우 사례별 인정 2. 다만, ｢건강보험 행위 급여·비급여 목록표 및 급여 상대가치점수｣ 및 ｢요양급여의 적용기준 및 방법에 관한 세부사항｣에서 별도로 적용기준을 정한 경우, 해당 고시에 따름. (고시 제2018-70호, ’18.4.1. 시행)"
치료재료에 관한 급여기준,CARDIAC IMPLANTABLE ELECTRONIC DEVICE LEAD 제거용 SHEATH의 급여기준,"CARDIAC IMPLANTABLE ELECTRONIC DEVICE LEAD 제거용 SHEATH는 심박기 거치술(Implantation of Pacemaker), 심장재동기화치료(Cardiac Resynchronization Theraphy, CRT), 심율동 전환 제세동기 거치술(Implantation of Cardioverter Defibrillator, ICD) 시행 후 심장 내 삽입 전기장치의 전극선 제거 시 사용하는 치료재료로 다음과 같은 경우 요양급여를 인정함 - 다 음 -1. 급여대상 가. 전극선을 삽입한 지 만 1년 이상 경과 후 전극선 제거술을 시행하는 경우 나. 전극선을 삽입한 지 만 1년 미만이라도 ‘CARDIAC IMPLANTABLE ELECTRONIC DEVICE LEAD 제거용 DILATOR SHEATH’를 사용하여 전극선 제거술을 시도했으나 실패한 경우 2. 급여개수 전극선 당 1개 사용을 인정함 3. 상기 1의 급여대상 이외의 경우 또는 2의 급여개수를 초과하여 사용하는 경우에는 「선별급여 지정 및 실시 등에 관한 기준」에 따라 본인부담률을 50%로 적용함 (고시 제2022-267호, ’22.12.1. 시행)"
치료재료에 관한 급여기준,“CTP-200-FLS”의 요양급여 대상여부,"“CTP-200-FLS”는 전산화단층영상진단(CT)시 조영제 주입을 위하여 조영제 주입기에 연결하여 사용하는 일회용 조영제 주입용 자동주사기로 소정 행위료에 포함되어 별도 산정할 수 없음. (고시 제2002-80호, ’03.1.1. 시행)"
치료재료에 관한 급여기준,계수형 전산적 감산 혈관조영술시 1회용 자동주사기 별도 산정여부,"계수형 전산적 감산 혈관조영술시 1회용 자동주사기를 사용하더라도 별도 산정할 수 없음. (고시 제2000-73호, ’01.1.1. 시행)"
치료재료에 관한 급여기준,심혈관조영술 및 중재적시술시 사용한 Compact Disc (CD)의 급여여부,"심혈관조영술(중재적시술 포함)시 사용하는 Compact Disc의 급여여부에 대하여 검토한 결과, CD는 Digital Cardiac Image 자체를 영상으로 보관하여 화질이 우수하고 미세 병변 관찰에 유용하며 Cine Film보다 소요 비용이 저렴한 점 등 여러 장점이 있으므로 심혈관조영 및 중재적시술시 Cine Film 대용으로 사용하는 CD는 급여로 인정함. 아울러, 영상저장 및 전송시스템(PACS)을 이용하더라도 심혈관 조영술은 Image가 많아 별도로 Cine Film 또는 CD에 저장하므로 동일하게 적용하며, 이 경우 Full PACS기관의 PACS를 이용한 처리비용은 별도로 산정할 수 없음. (고시 제2000-73호, ’01.1.1. 시행)"
차66 치은판절제술,차66 치은판절제술 (Operculectomy) 산정기준,"치은조직절제를 다음과 같이 실시한 경우에는 차66 치은판절제술의 소정점수를 산정함 - 다 음 - 가. 오래된 치아우식와동 상방으로 증식된 치은식육 제거 나. 파절된 치아 상방으로 증식된 치은식육 제거 다. 치아맹출을 위한 개창술 라. 부분 맹출 치아 또는 유치의 우식치료를 위한 치은판 제거 마. 급성 또는 만성 지치주위염 치아의 치관 상방을 덮고 있는 치은판 제거 (고시 제2016-30호, ’16.3.1. 시행)"
일반사항,2가지 이상의 마취시 수가산정방법,"｢건강보험 행위급여․비급여목록표 및 급여상대가치 점수｣ 제1편제2부 제6장 마취료[산정지침](6)항에 의거 동일 목적을 위하여 2가지 이상의 마취를 병용한 경우 또는 마취 중에 다른 마취법으로 변경한 경우 2가지 이상 마취 중 소정점수가 높은 마취의 소정 점수를 산정함. 이 경우 ‘소정점수’란 제6장 마취료의 각 분류항목에 기재된 점수를 말함. (고시 제2016-204호, ’16.11.1. 시행)"
바22 경막외 신경차단술,선택적 경추간공 경막외조영술/ 신경차단술(Selective Transforaminal Epidurography/ Block) 또는 경추간공경막외주사/ 신경차단술(Transfor aminal Epidural Injection/ Block)의 인정기준 및 수가 산정방법,"선택적 경추간공 경막외조영술/신경차단술 (Selective Transforaminal Epidurography/Block) 또는 경추 간공경막외주사/ 신경차단술(Transforaminal Epidural Injection/ Block)의 인정기준 및 수가산정 방법은 다음과 같이 함. - 다 음 - 가. 인정기준 부신피질호르몬제 사용시 주1회씩, 3회 정도 시행 하고 호전되지 않으면 수술 등 다른 치료방법을 고려해야 함. 이때 확인할 수 있는 영상자료를 첨부토록 함. 나. 산정방법 (1) 행위료 (가) 1 Level 시행시• 편측-다210나 경막외조영 소정점수만 산정. (Selective Transforaminal Epidural Block/ Transforaminal Epidural Injection 행위료는 조영술에 포함) • 양측-다210나 경막외조영 소정점수와 바22가 경막외신경차단술(일회성차단) 소정점수의 50%를 산정. (나) 동시에 2 Level 이상 시행시 • 편측 - 제 1 Level은 다210나 경막외조영 소정 점수를 산정하고, 제 2 Level부터는 바22가 경막외신경차단술(일회성 차단) 소정점수의 50%를 산정하되, 최대 3 Level까지 산정함. (바22가 최대 100% 산정) • 양측 - 최대 2 level까지 산정하며 제 1 level은 다210나 경막외조영 소정점수와 바22가 경막외 신경차단술(일회성차단) 소정점수의 50%를 산정하고, 제2level은 바22가 경막외신경 차단술(일회성차단) 소정점수의 50%를 산정함. (바22가 최대 150%산정) (2) 약제비：조영제, 국소마취제, 스테로이드 등 사용된 약제는 별도 산정함. (고시 제2009-180호, ’09.10.1. 시행)"
